sensor_age_days,active_hours,inactive_hours,uptime_pct,reading,signal_quality_pct,calibration_error,reading_variance,error_events,maintenance_event,sensor_type_Flow,sensor_type_TDS,sensor_type_Temperature,sensor_type_Turbidity,sensor_type_Water_Level,sensor_type_pH
25,23.93,0.07,99.707,7.1766,98.334,0.05,0.3196,0,0,0,0,0,0,0,1
26,23.961,0.039,99.838,6.9674,99.389,0.1594,0.2446,0,0,0,0,0,0,0,1
27,24.0,0.0,100.0,7.0166,99.943,0.05,0.4267,1,0,0,0,0,0,0,1
28,23.995,0.005,99.977,7.0895,98.938,0.05,0.6597,0,0,0,0,0,0,0,1
29,24.0,0.0,100.0,6.8162,98.977,0.2768,0.3788,0,0,0,0,0,0,0,1
30,23.986,0.014,99.94,6.711,98.384,0.1623,0.427,0,0,0,0,0,0,0,1
31,23.819,0.181,99.246,7.0016,98.747,0.05,0.2896,0,0,0,0,0,0,0,1
32,24.0,0.0,100.0,6.9381,100.0,0.05,0.3961,0,0,0,0,0,0,0,1
33,23.966,0.034,99.859,6.8572,98.192,0.3259,0.2629,0,0,0,0,0,0,0,1
34,23.821,0.179,99.256,6.9382,100.0,0.05,0.3781,0,0,0,0,0,0,0,1
35,24.0,0.0,100.0,7.0232,98.018,0.5166,0.1917,0,0,0,0,0,0,0,1
36,23.994,0.006,99.976,6.9284,99.809,0.2138,0.05,0,0,0,0,0,0,0,1
37,23.98,0.02,99.916,7.3783,98.353,0.1013,0.2392,0,0,0,0,0,0,0,1
38,23.867,0.133,99.447,7.2934,99.2,0.2053,0.1765,0,0,0,0,0,0,0,1
39,23.911,0.089,99.629,6.5136,99.343,0.1582,0.3346,1,0,0,0,0,0,0,1
40,24.0,0.0,100.0,6.9572,97.932,0.05,0.5116,1,0,0,0,0,0,0,1
41,23.944,0.056,99.765,7.5356,99.944,0.0816,0.2215,0,0,0,0,0,0,0,1
42,23.979,0.021,99.911,6.891,99.688,0.1907,0.5583,0,0,0,0,0,0,0,1
43,23.961,0.039,99.836,7.1355,100.0,0.2121,0.1792,0,0,0,0,0,0,0,1
44,24.0,0.0,100.0,6.6744,98.167,0.2434,0.1939,0,0,0,0,0,0,0,1
45,23.629,0.371,98.456,7.2043,97.664,0.2792,0.1664,0,0,0,0,0,0,0,1
46,23.709,0.291,98.786,7.3273,99.537,0.0874,0.0974,0,0,0,0,0,0,0,1
47,23.918,0.082,99.658,6.7988,98.857,0.1279,0.2927,1,0,0,0,0,0,0,1
48,24.0,0.0,100.0,7.0205,99.022,0.05,0.4114,0,0,0,0,0,0,0,1
49,23.964,0.036,99.852,7.2692,98.607,0.3012,0.5118,0,0,0,0,0,0,0,1
50,23.888,0.112,99.534,7.1863,99.083,0.2742,0.4474,0,0,0,0,0,0,0,1
51,24.0,0.0,100.0,7.2239,99.121,0.0882,0.3537,0,0,0,0,0,0,0,1
52,23.977,0.023,99.905,6.9992,100.0,0.1155,0.6113,0,0,0,0,0,0,0,1
53,24.0,0.0,100.0,6.7888,99.533,0.1436,0.05,0,0,0,0,0,0,0,1
54,23.891,0.109,99.548,7.0891,99.19,0.05,0.3183,1,0,0,0,0,0,0,1
55,23.826,0.174,99.275,6.962,98.605,0.5545,0.3093,0,0,0,0,0,0,0,1
56,23.893,0.107,99.556,6.9805,98.026,0.185,0.4986,0,0,0,0,0,0,0,1
57,23.914,0.086,99.64,6.8939,98.897,0.2312,0.3644,0,0,0,0,0,0,0,1
58,23.555,0.445,98.147,7.0366,99.077,0.1978,0.518,0,0,0,0,0,0,0,1
59,23.892,0.108,99.551,7.2813,98.705,0.189,0.3438,0,0,0,0,0,0,0,1
60,23.93,0.07,99.707,7.1581,100.0,0.1088,0.1549,1,0,0,0,0,0,0,1
61,23.671,0.329,98.63,6.5037,99.919,0.2409,0.481,0,0,0,0,0,0,0,1
62,24.0,0.0,100.0,6.81,98.853,0.05,0.5331,1,0,0,0,0,0,0,1
63,23.974,0.026,99.893,6.862,100.0,0.0864,0.4562,0,0,0,0,0,0,0,1
64,23.903,0.097,99.597,7.0801,100.0,0.2919,0.3603,0,0,0,0,0,0,0,1
65,23.915,0.085,99.644,7.0551,97.802,0.205,0.1599,0,0,0,0,0,0,0,1
66,23.923,0.077,99.678,7.1906,97.911,0.05,0.05,0,0,0,0,0,0,0,1
67,24.0,0.0,100.0,6.7701,97.526,0.2201,0.2768,0,0,0,0,0,0,0,1
68,23.801,0.199,99.171,7.2936,99.614,0.05,0.3502,0,0,0,0,0,0,0,1
69,24.0,0.0,100.0,6.994,97.479,0.169,0.3093,0,0,0,0,0,0,0,1
70,24.0,0.0,100.0,6.9458,98.939,0.1284,0.7051,0,0,0,0,0,0,0,1
71,23.887,0.113,99.531,7.0194,98.205,0.0931,0.343,0,0,0,0,0,0,0,1
72,23.911,0.089,99.628,7.1909,99.46,0.4224,0.2149,2,0,0,0,0,0,0,1
73,23.852,0.148,99.383,6.6521,97.816,0.0733,0.2581,0,0,0,0,0,0,0,1
74,23.726,0.274,98.858,7.259,98.725,0.1612,0.1949,0,0,0,0,0,0,0,1
75,23.784,0.216,99.099,7.0127,100.0,0.3089,0.1813,0,0,0,0,0,0,0,1
76,24.0,0.0,100.0,7.0635,98.442,0.05,0.2182,0,0,0,0,0,0,0,1
77,23.98,0.02,99.918,7.0957,98.813,0.0533,0.4881,0,0,0,0,0,0,0,1
78,23.778,0.222,99.076,7.2906,98.992,0.1007,0.1227,0,0,0,0,0,0,0,1
79,23.793,0.207,99.138,6.5945,98.553,0.3741,0.05,0,0,0,0,0,0,0,1
80,23.974,0.026,99.891,7.3102,99.514,0.0958,0.2612,0,0,0,0,0,0,0,1
81,23.944,0.056,99.767,6.7184,100.0,0.05,0.3087,0,0,0,0,0,0,0,1
82,23.984,0.016,99.931,7.1589,99.577,0.2042,0.3164,0,0,0,0,0,0,0,1
83,23.868,0.132,99.449,6.976,99.911,0.05,0.3074,0,0,0,0,0,0,0,1
84,23.817,0.183,99.236,7.2187,100.0,0.1692,0.0675,0,0,0,0,0,0,0,1
85,23.656,0.344,98.566,7.2254,99.608,0.1923,0.4357,1,0,0,0,0,0,0,1
86,24.0,0.0,100.0,6.8315,100.0,0.2099,0.2545,0,0,0,0,0,0,0,1
87,23.772,0.228,99.049,7.3887,98.343,0.2357,0.215,0,0,0,0,0,0,0,1
88,24.0,0.0,100.0,6.9486,100.0,0.05,0.05,0,0,0,0,0,0,0,1
89,24.0,0.0,100.0,7.1293,99.224,0.1356,0.2633,0,0,0,0,0,0,0,1
90,23.856,0.144,99.399,7.0375,98.411,0.2744,0.2417,2,0,0,0,0,0,0,1
91,23.836,0.164,99.316,7.0522,99.096,0.1708,0.1113,0,0,0,0,0,0,0,1
92,23.786,0.214,99.108,6.6393,99.18,0.05,0.05,0,0,0,0,0,0,0,1
93,24.0,0.0,100.0,6.8325,97.177,0.1149,0.3572,0,0,0,0,0,0,0,1
94,24.0,0.0,100.0,6.9672,100.0,0.2693,0.5985,0,0,0,0,0,0,0,1
95,24.0,0.0,100.0,6.7158,98.09,0.124,0.1903,0,0,0,0,0,0,0,1
96,23.77,0.23,99.042,7.0012,98.068,0.1136,0.2639,0,0,0,0,0,0,0,1
97,23.851,0.149,99.378,7.0144,99.358,0.2444,0.5625,1,0,0,0,0,0,0,1
98,24.0,0.0,100.0,7.2886,99.449,0.2167,0.595,0,0,0,0,0,0,0,1
99,23.792,0.208,99.135,6.9981,96.562,0.1062,0.3388,0,0,0,0,0,0,0,1
100,23.957,0.043,99.822,7.0604,98.793,0.05,0.4272,1,0,0,0,0,0,0,1
101,23.91,0.09,99.626,7.4677,97.171,0.05,0.05,0,0,0,0,0,0,0,1
102,24.0,0.0,100.0,7.0389,98.662,0.05,0.4783,0,0,0,0,0,0,0,1
103,23.755,0.245,98.98,7.0061,99.003,0.4036,0.1371,0,0,0,0,0,0,0,1
104,23.914,0.086,99.641,6.9748,96.779,0.2407,0.2556,0,0,0,0,0,0,0,1
105,23.853,0.147,99.388,6.5201,98.365,0.2717,0.4112,1,0,0,0,0,0,0,1
106,23.944,0.056,99.765,7.0625,98.203,0.1659,0.0517,0,0,0,0,0,0,0,1
107,24.0,0.0,99.999,6.5385,97.288,0.4521,0.1215,0,0,0,0,0,0,0,1
108,23.827,0.173,99.278,6.6214,98.718,0.2184,0.05,0,0,0,0,0,0,0,1
109,23.82,0.18,99.249,7.2421,98.233,0.4045,0.1438,0,0,0,0,0,0,0,1
110,23.865,0.135,99.436,7.1267,99.303,0.05,0.2168,0,0,0,0,0,0,0,1
111,23.926,0.074,99.691,6.9735,99.122,0.05,0.1412,1,0,0,0,0,0,0,1
112,23.998,0.002,99.993,7.1029,99.276,0.1365,0.1914,1,0,0,0,0,0,0,1
113,23.872,0.128,99.467,6.9904,97.568,0.1651,0.3902,0,0,0,0,0,0,0,1
114,23.972,0.028,99.885,6.9242,99.027,0.3455,0.4652,0,0,0,0,0,0,0,1
115,23.962,0.038,99.842,6.9595,98.136,0.2081,0.147,0,0,0,0,0,0,0,1
116,21.705,2.295,90.438,6.6871,95.768,0.1586,0.4721,2,1,0,0,0,0,0,1
117,24.0,0.0,100.0,6.7671,95.346,0.1633,0.6147,0,0,0,0,0,0,0,1
118,23.907,0.093,99.612,6.792,100.0,0.2101,0.05,0,0,0,0,0,0,0,1
119,23.982,0.018,99.927,6.7169,96.972,0.1954,0.4588,0,0,0,0,0,0,0,1
120,24.0,0.0,100.0,7.1827,98.543,0.1302,0.1966,0,0,0,0,0,0,0,1
121,24.0,0.0,100.0,6.8335,100.0,0.05,0.3894,1,0,0,0,0,0,0,1
122,24.0,0.0,100.0,6.9896,97.871,0.1193,0.2028,0,0,0,0,0,0,0,1
123,23.697,0.303,98.739,7.5697,97.036,0.0944,0.0635,0,0,0,0,0,0,0,1
124,23.894,0.106,99.559,7.1192,99.982,0.2775,0.2287,0,0,0,0,0,0,0,1
125,23.854,0.146,99.393,7.2428,98.845,0.483,0.4071,2,0,0,0,0,0,0,1
126,23.998,0.002,99.992,7.1491,100.0,0.0631,0.2297,0,0,0,0,0,0,0,1
127,24.0,0.0,100.0,6.659,100.0,0.3177,0.8313,0,0,0,0,0,0,0,1
128,23.958,0.042,99.823,7.0083,98.961,0.2045,0.5014,0,0,0,0,0,0,0,1
129,24.0,0.0,100.0,7.1089,99.296,0.0864,0.5684,1,0,0,0,0,0,0,1
130,23.836,0.164,99.318,7.1248,99.822,0.1831,0.2056,0,0,0,0,0,0,0,1
131,23.623,0.377,98.429,6.9453,99.825,0.0858,0.05,0,0,0,0,0,0,0,1
132,23.796,0.204,99.151,7.0994,98.526,0.1167,0.5111,1,0,0,0,0,0,0,1
133,23.944,0.056,99.767,6.9394,98.256,0.05,0.4945,0,0,0,0,0,0,0,1
134,23.915,0.085,99.647,7.0643,98.992,0.1301,0.1147,1,0,0,0,0,0,0,1
135,23.823,0.177,99.264,7.4733,98.79,0.05,0.4328,1,0,0,0,0,0,0,1
136,23.803,0.197,99.181,7.1323,100.0,0.2201,0.1528,0,0,0,0,0,0,0,1
137,23.873,0.127,99.47,6.4286,98.782,0.2646,0.4877,0,0,0,0,0,0,0,1
138,24.0,0.0,100.0,7.1527,99.472,0.05,0.5167,0,0,0,0,0,0,0,1
139,23.885,0.115,99.52,6.9991,98.944,0.05,0.5063,0,0,0,0,0,0,0,1
140,23.966,0.034,99.86,7.1428,98.451,0.05,0.05,0,0,0,0,0,0,0,1
141,24.0,0.0,100.0,6.9442,100.0,0.1941,0.4905,0,0,0,0,0,0,0,1
142,23.971,0.029,99.877,7.273,99.431,0.05,0.1153,0,0,0,0,0,0,0,1
143,23.9,0.1,99.583,7.2245,99.736,0.0524,0.3385,1,0,0,0,0,0,0,1
144,23.855,0.145,99.395,7.3978,99.809,0.0504,0.3034,0,0,0,0,0,0,0,1
145,23.995,0.005,99.981,6.6884,97.255,0.05,0.1045,0,0,0,0,0,0,0,1
146,24.0,0.0,100.0,7.2518,98.557,0.05,0.2236,0,0,0,0,0,0,0,1
147,24.0,0.0,100.0,7.1333,97.458,0.4949,0.05,1,0,0,0,0,0,0,1
148,24.0,0.0,100.0,6.5659,98.784,0.05,0.0839,0,0,0,0,0,0,0,1
149,23.811,0.189,99.214,6.9573,98.802,0.1534,0.05,0,0,0,0,0,0,0,1
150,24.0,0.0,100.0,7.0931,98.514,0.1478,0.229,0,0,0,0,0,0,0,1
151,24.0,0.0,100.0,7.2795,97.86,0.0625,0.2367,1,0,0,0,0,0,0,1
152,24.0,0.0,100.0,6.8434,97.971,0.476,0.1185,0,0,0,0,0,0,0,1
153,24.0,0.0,100.0,6.9488,97.782,0.1432,0.2781,0,0,0,0,0,0,0,1
154,23.868,0.132,99.451,6.591,99.096,0.1539,0.3531,0,0,0,0,0,0,0,1
155,24.0,0.0,100.0,7.09,98.625,0.1671,0.479,1,0,0,0,0,0,0,1
156,23.879,0.121,99.498,6.9062,98.94,0.3948,0.4551,0,0,0,0,0,0,0,1
157,23.909,0.091,99.62,6.8171,100.0,0.2133,0.1033,0,0,0,0,0,0,0,1
158,23.837,0.163,99.319,6.7326,99.18,0.05,0.2873,0,0,0,0,0,0,0,1
159,23.961,0.039,99.838,6.9795,98.25,0.2285,0.05,0,0,0,0,0,0,0,1
160,24.0,0.0,100.0,7.1767,99.229,0.3814,0.4858,1,0,0,0,0,0,0,1
161,23.976,0.024,99.9,7.2433,99.59,0.1815,0.1553,0,0,0,0,0,0,0,1
162,23.743,0.257,98.928,6.9662,99.926,0.3579,0.05,0,0,0,0,0,0,0,1
163,23.919,0.081,99.664,7.1678,99.121,0.05,0.148,1,0,0,0,0,0,0,1
164,23.929,0.071,99.703,6.4814,99.838,0.05,0.0626,0,0,0,0,0,0,0,1
165,23.986,0.014,99.941,7.2411,99.154,0.2495,0.05,0,0,0,0,0,0,0,1
166,23.998,0.002,99.993,7.2634,99.749,0.05,0.1886,0,0,0,0,0,0,0,1
167,23.868,0.132,99.451,6.4703,98.542,0.1866,0.1766,1,0,0,0,0,0,0,1
168,23.731,0.269,98.878,6.3391,98.955,0.05,0.3419,0,0,0,0,0,0,0,1
169,23.651,0.349,98.544,7.2022,98.025,0.05,0.2065,0,0,0,0,0,0,0,1
170,23.991,0.009,99.964,6.9404,99.548,0.2423,0.05,0,0,0,0,0,0,0,1
171,23.757,0.243,98.988,7.1248,99.74,0.1032,0.1077,1,0,0,0,0,0,0,1
172,24.0,0.0,100.0,7.131,100.0,0.1903,0.2526,0,0,0,0,0,0,0,1
173,23.971,0.029,99.878,7.1395,98.946,0.0781,0.4465,0,0,0,0,0,0,0,1
174,24.0,0.0,100.0,6.5611,98.066,0.2039,0.1477,0,0,0,0,0,0,0,1
175,24.0,0.0,100.0,6.9118,100.0,0.188,0.1833,0,0,0,0,0,0,0,1
176,23.817,0.183,99.237,6.9814,97.956,0.1722,0.2852,0,0,0,0,0,0,0,1
177,23.898,0.102,99.576,6.8278,98.327,0.2217,0.5965,0,0,0,0,0,0,0,1
178,23.938,0.062,99.742,6.7537,99.326,0.2377,0.349,0,0,0,0,0,0,0,1
179,23.944,0.056,99.768,7.0786,100.0,0.0544,0.3921,0,0,0,0,0,0,0,1
180,24.0,0.0,100.0,7.5876,99.705,0.05,0.1529,0,0,0,0,0,0,0,1
181,23.819,0.181,99.247,7.0782,97.897,0.3357,0.1648,1,0,0,0,0,0,0,1
182,23.937,0.063,99.737,7.2508,99.816,0.4178,0.1121,0,0,0,0,0,0,0,1
183,23.872,0.128,99.468,6.9193,99.087,0.05,0.3279,0,0,0,0,0,0,0,1
184,23.791,0.209,99.13,7.4107,99.384,0.0877,0.1029,0,0,0,0,0,0,0,1
185,23.931,0.069,99.713,6.6837,98.758,0.2847,0.4197,0,0,0,0,0,0,0,1
186,23.731,0.269,98.88,7.2377,98.37,0.05,0.2758,0,0,0,0,0,0,0,1
187,23.881,0.119,99.506,6.5753,100.0,0.3293,0.0747,0,0,0,0,0,0,0,1
188,23.787,0.213,99.112,7.3429,99.943,0.3009,0.219,1,0,0,0,0,0,0,1
189,24.0,0.0,100.0,6.8758,100.0,0.1828,0.054,1,0,0,0,0,0,0,1
190,23.92,0.08,99.669,6.7934,98.484,0.05,0.412,1,0,0,0,0,0,0,1
191,24.0,0.0,100.0,7.2909,99.342,0.3216,0.289,0,0,0,0,0,0,0,1
192,23.853,0.147,99.386,6.8264,98.595,0.2609,0.05,0,0,0,0,0,0,0,1
193,24.0,0.0,100.0,6.6491,99.05,0.1309,0.1519,0,0,0,0,0,0,0,1
194,23.549,0.451,98.123,6.9469,98.273,0.1138,0.05,0,0,0,0,0,0,0,1
195,23.962,0.038,99.843,7.1435,98.315,0.1528,0.0522,0,0,0,0,0,0,0,1
196,24.0,0.0,100.0,7.2127,97.879,0.1089,0.4369,0,0,0,0,0,0,0,1
197,24.0,0.0,100.0,6.8133,98.809,0.2248,0.0698,1,0,0,0,0,0,0,1
198,24.0,0.0,100.0,7.0307,99.254,0.096,0.2582,0,0,0,0,0,0,0,1
199,24.0,0.0,100.0,7.1564,98.182,0.3336,0.3612,0,0,0,0,0,0,0,1
200,24.0,0.0,100.0,7.2555,98.474,0.2096,0.4174,1,0,0,0,0,0,0,1
201,23.828,0.172,99.282,7.1006,98.565,0.1451,0.4563,0,0,0,0,0,0,0,1
202,23.819,0.181,99.245,7.1893,99.56,0.05,0.4376,0,0,0,0,0,0,0,1
203,23.971,0.029,99.878,7.2055,99.6,0.1854,0.4859,0,0,0,0,0,0,0,1
204,23.974,0.026,99.891,7.1689,99.325,0.0668,0.1457,0,0,0,0,0,0,0,1
205,23.849,0.151,99.371,7.0795,99.402,0.4053,0.1477,0,0,0,0,0,0,0,1
206,24.0,0.0,100.0,7.3442,98.558,0.0545,0.4618,0,0,0,0,0,0,0,1
207,21.738,2.262,90.576,7.0819,96.698,0.2285,0.1242,1,1,0,0,0,0,0,1
208,23.892,0.108,99.549,6.8837,99.212,0.05,0.3405,1,0,0,0,0,0,0,1
209,23.941,0.059,99.755,6.7461,99.943,0.1167,0.2494,0,0,0,0,0,0,0,1
210,23.919,0.081,99.663,7.2107,99.055,0.3475,0.6074,0,0,0,0,0,0,0,1
211,23.988,0.012,99.952,6.9273,100.0,0.2701,0.2322,0,0,0,0,0,0,0,1
212,23.826,0.174,99.275,7.4094,98.239,0.05,0.3942,0,0,0,0,0,0,0,1
213,24.0,0.0,100.0,7.3734,98.153,0.2407,0.2415,0,0,0,0,0,0,0,1
214,23.955,0.045,99.813,7.1501,96.895,0.1367,0.2364,0,0,0,0,0,0,0,1
215,23.679,0.321,98.661,7.2032,100.0,0.2933,0.4118,1,0,0,0,0,0,0,1
216,23.993,0.007,99.972,6.619,98.725,0.05,0.4951,1,0,0,0,0,0,0,1
217,23.898,0.102,99.575,6.8954,100.0,0.1274,0.2834,1,0,0,0,0,0,0,1
218,23.941,0.059,99.755,6.5898,99.085,0.3762,0.605,0,0,0,0,0,0,0,1
219,23.642,0.358,98.507,6.8563,99.569,0.05,0.7104,0,0,0,0,0,0,0,1
220,23.946,0.054,99.773,7.1537,98.761,0.1732,0.234,1,0,0,0,0,0,0,1
221,23.814,0.186,99.225,6.6349,98.454,0.0644,0.2323,0,0,0,0,0,0,0,1
222,23.975,0.025,99.896,7.0765,97.397,0.1955,0.4823,1,0,0,0,0,0,0,1
223,23.782,0.218,99.09,7.3345,99.24,0.1086,0.1227,0,0,0,0,0,0,0,1
224,23.726,0.274,98.859,6.9439,98.292,0.2232,0.4927,0,0,0,0,0,0,0,1
225,23.76,0.24,99.0,6.8638,99.73,0.3011,0.4134,0,0,0,0,0,0,0,1
226,23.991,0.009,99.963,7.1156,99.103,0.3947,0.6386,0,0,0,0,0,0,0,1
227,23.964,0.036,99.852,6.7698,97.196,0.2252,0.5337,1,0,0,0,0,0,0,1
228,23.711,0.289,98.798,6.7775,98.06,0.2895,0.3336,1,0,0,0,0,0,0,1
229,23.914,0.086,99.64,7.0823,99.515,0.4792,0.3983,0,0,0,0,0,0,0,1
230,23.498,0.502,97.91,7.3437,97.148,0.732,0.345,0,0,0,0,0,0,0,1
231,23.747,0.253,98.945,6.7779,97.254,0.3044,0.4484,1,0,0,0,0,0,0,1
232,23.903,0.097,99.595,7.3338,99.69,0.3485,0.3677,0,0,0,0,0,0,0,1
233,23.695,0.305,98.731,6.7628,96.65,0.5717,0.5466,0,0,0,0,0,0,0,1
234,23.773,0.227,99.053,6.6501,98.58,0.2823,0.3116,0,0,0,0,0,0,0,1
235,23.689,0.311,98.703,6.9594,97.561,0.4738,0.4236,1,0,0,0,0,0,0,1
236,23.715,0.285,98.812,7.3166,97.053,0.1719,0.2333,0,0,0,0,0,0,0,1
237,23.9,0.1,99.585,7.0715,96.316,0.1946,0.3526,0,0,0,0,0,0,0,1
238,23.63,0.37,98.459,7.106,98.479,0.471,0.5466,1,0,0,0,0,0,0,1
239,23.806,0.194,99.191,6.8559,96.602,0.402,0.4096,1,0,0,0,0,0,0,1
240,23.821,0.179,99.253,7.4121,97.218,0.2984,0.5904,0,0,0,0,0,0,0,1
241,23.685,0.315,98.688,6.8538,99.256,0.5371,0.8024,1,0,0,0,0,0,0,1
242,23.857,0.143,99.405,6.8275,96.781,0.1186,0.4516,1,0,0,0,0,0,0,1
243,23.703,0.297,98.763,7.0149,96.915,0.3282,0.6182,1,0,0,0,0,0,0,1
244,23.802,0.198,99.177,7.1159,98.047,0.4877,0.7306,0,0,0,0,0,0,0,1
245,23.501,0.499,97.922,7.1376,97.332,0.4998,0.9524,1,0,0,0,0,0,0,1
246,23.661,0.339,98.588,7.2079,99.069,0.5401,0.5679,0,0,0,0,0,0,0,1
247,23.742,0.258,98.924,7.0106,99.65,0.3892,0.1607,1,0,0,0,0,0,0,1
248,23.602,0.398,98.343,7.3284,96.512,0.3375,0.6546,0,0,0,0,0,0,0,1
249,23.667,0.333,98.614,7.0364,96.062,0.6278,0.7156,1,0,0,0,0,0,0,1
250,23.514,0.486,97.973,6.9612,96.832,0.3598,0.6632,1,0,0,0,0,0,0,1
251,23.605,0.395,98.355,6.9442,97.772,0.5133,0.4997,0,0,0,0,0,0,0,1
252,23.542,0.458,98.09,6.85,96.463,0.3903,0.444,0,0,0,0,0,0,0,1
253,23.562,0.438,98.174,6.8914,96.648,0.4503,0.7059,2,0,0,0,0,0,0,1
254,23.399,0.601,97.497,6.9282,97.398,0.6194,0.8033,1,0,0,0,0,0,0,1
255,23.701,0.299,98.756,6.9573,96.354,0.5116,0.3555,1,0,0,0,0,0,0,1
256,23.559,0.441,98.161,7.802,96.443,0.5848,0.5011,1,0,0,0,0,0,0,1
257,23.574,0.426,98.224,7.0431,96.012,0.5807,0.2676,2,0,0,0,0,0,0,1
258,23.513,0.487,97.969,6.991,96.009,0.6374,0.6796,0,0,0,0,0,0,0,1
259,23.59,0.41,98.29,7.4563,96.506,0.3271,0.7525,0,0,0,0,0,0,0,1
260,23.287,0.713,97.03,6.602,95.823,0.6636,0.4935,0,0,0,0,0,0,0,1
261,23.597,0.403,98.322,6.966,97.282,0.6262,0.8248,2,0,0,0,0,0,0,1
262,23.628,0.372,98.452,7.1132,95.617,0.751,0.9186,0,0,0,0,0,0,0,1
263,23.542,0.458,98.09,6.8371,96.997,0.7015,0.6466,1,0,0,0,0,0,0,1
264,23.631,0.369,98.464,6.7124,94.076,0.6187,0.6374,1,0,0,0,0,0,0,1
265,23.356,0.644,97.317,7.2022,97.609,0.6349,0.9453,1,0,0,0,0,0,0,1
266,23.587,0.413,98.279,6.7011,96.312,0.5831,1.0644,0,0,0,0,0,0,0,1
267,23.428,0.572,97.618,6.4238,96.37,0.412,0.7034,0,0,0,0,0,0,0,1
268,23.461,0.539,97.755,7.1811,95.791,0.8246,0.8701,1,0,0,0,0,0,0,1
269,23.569,0.431,98.205,7.0963,94.885,0.3516,1.05,1,0,0,0,0,0,0,1
270,23.471,0.529,97.797,7.3736,95.289,0.9989,1.1493,1,0,0,0,0,0,0,1
271,23.307,0.693,97.112,7.1647,95.343,0.8614,0.9226,3,0,0,0,0,0,0,1
272,23.553,0.447,98.136,7.1032,95.054,0.5232,0.9615,1,0,0,0,0,0,0,1
273,23.298,0.702,97.075,6.5899,94.935,0.6849,0.8502,2,0,0,0,0,0,0,1
274,23.133,0.867,96.389,6.8717,96.308,0.7245,0.8147,1,0,0,0,0,0,0,1
275,23.368,0.632,97.366,7.1153,96.222,0.7236,1.0506,1,0,0,0,0,0,0,1
276,23.41,0.59,97.541,6.9814,95.059,0.7022,0.7442,0,0,0,0,0,0,0,1
277,23.573,0.427,98.219,6.7309,96.113,0.7431,0.7909,0,0,0,0,0,0,0,1
278,23.366,0.634,97.359,7.0798,94.696,0.7222,1.1052,1,0,0,0,0,0,0,1
279,23.576,0.424,98.233,6.8718,96.652,1.0013,0.9484,2,0,0,0,0,0,0,1
280,23.331,0.669,97.211,7.1873,97.152,0.7125,0.904,1,0,0,0,0,0,0,1
281,23.331,0.669,97.215,7.0376,93.879,0.8578,0.5856,0,0,0,0,0,0,0,1
282,23.158,0.842,96.491,7.1412,95.477,0.9085,1.3441,2,0,0,0,0,0,0,1
283,23.313,0.687,97.139,6.9153,94.296,0.8463,1.1908,2,0,0,0,0,0,0,1
284,23.345,0.655,97.271,7.055,94.277,1.1628,0.7988,1,0,0,0,0,0,0,1
285,23.165,0.835,96.521,6.7463,96.632,0.6671,1.2136,2,0,0,0,0,0,0,1
286,23.294,0.706,97.058,6.7705,95.045,0.9312,0.9077,2,0,0,0,0,0,0,1
287,23.007,0.993,95.863,7.1523,94.487,1.1394,1.0138,1,0,0,0,0,0,0,1
288,23.182,0.818,96.593,7.0406,95.236,1.1547,1.1575,1,0,0,0,0,0,0,1
289,23.221,0.779,96.756,6.8099,95.671,0.7977,1.3388,2,0,0,0,0,0,0,1
290,23.275,0.725,96.981,7.351,96.648,0.9146,1.0811,2,0,0,0,0,0,0,1
291,23.261,0.739,96.919,7.3621,96.63,0.9638,1.1671,1,0,0,0,0,0,0,1
292,23.254,0.746,96.893,6.9015,96.305,0.9566,0.9056,2,0,0,0,0,0,0,1
293,23.206,0.794,96.69,7.126,94.53,1.0903,1.0129,0,0,0,0,0,0,0,1
294,23.089,0.911,96.205,6.7814,95.848,1.2382,0.9634,1,0,0,0,0,0,0,1
295,23.245,0.755,96.856,6.9356,93.666,0.9447,1.1974,1,0,0,0,0,0,0,1
296,23.045,0.955,96.019,6.4012,94.245,1.0134,0.7931,2,0,0,0,0,0,0,1
297,23.104,0.896,96.266,7.0135,94.182,1.0539,1.0353,0,0,0,0,0,0,0,1
298,21.142,2.858,88.09,6.9344,91.109,1.2227,1.0054,2,1,0,0,0,0,0,1
299,23.103,0.897,96.264,7.1212,94.753,1.0256,0.9949,2,0,0,0,0,0,0,1
300,23.043,0.957,96.013,7.0178,95.496,1.1321,1.2511,1,0,0,0,0,0,0,1
301,22.904,1.096,95.433,7.1566,95.214,1.0632,1.5595,1,0,0,0,0,0,0,1
302,23.122,0.878,96.343,7.0434,96.131,1.0384,1.5951,0,0,0,0,0,0,0,1
303,23.179,0.821,96.578,7.1372,92.964,1.0944,1.0136,2,0,0,0,0,0,0,1
304,22.958,1.042,95.659,7.3866,94.189,0.9762,1.2377,3,0,0,0,0,0,0,1
305,23.182,0.818,96.59,7.4009,94.799,1.0068,1.1719,2,0,0,0,0,0,0,1
306,23.137,0.863,96.406,7.068,95.545,1.0373,1.3926,2,0,0,0,0,0,0,1
307,23.122,0.878,96.34,7.1079,94.037,0.9968,1.2194,2,0,0,0,0,0,0,1
308,22.88,1.12,95.333,7.1804,93.652,0.8844,1.3307,2,0,0,0,0,0,0,1
309,23.081,0.919,96.171,6.9523,92.93,1.0398,1.0713,3,0,0,0,0,0,0,1
310,23.14,0.86,96.418,6.989,94.311,0.9707,1.3226,2,0,0,0,0,0,0,1
311,23.14,0.86,96.417,6.8514,94.394,1.3605,1.2928,2,0,0,0,0,0,0,1
312,23.072,0.928,96.132,6.9764,92.624,1.1977,1.505,1,0,0,0,0,0,0,1
313,23.001,0.999,95.838,7.2683,93.365,1.0636,1.3029,1,0,0,0,0,0,0,1
314,22.808,1.192,95.033,6.6429,93.057,1.4867,1.157,2,0,0,0,0,0,0,1
315,22.899,1.101,95.413,6.8152,94.425,1.1396,1.0372,1,0,0,0,0,0,0,1
316,22.89,1.11,95.376,6.9767,94.325,1.1441,1.148,2,0,0,0,0,0,0,1
40,23.977,0.023,99.903,474.6006,97.832,0.2115,0.4423,0,0,0,1,0,0,0,0
41,24.0,0.0,100.0,420.8964,100.0,0.2579,0.2612,0,0,0,1,0,0,0,0
42,23.822,0.178,99.258,491.2663,99.704,0.2118,0.094,0,0,0,1,0,0,0,0
43,23.795,0.205,99.147,486.6343,100.0,0.4355,0.2358,0,0,0,1,0,0,0,0
44,23.825,0.175,99.272,486.7095,98.304,0.05,0.3053,0,0,0,1,0,0,0,0
45,24.0,0.0,100.0,472.0555,99.654,0.1733,0.2037,0,0,0,1,0,0,0,0
46,24.0,0.0,100.0,391.4099,98.884,0.1974,0.4751,0,0,0,1,0,0,0,0
47,24.0,0.0,100.0,529.194,99.334,0.1322,0.33,0,0,0,1,0,0,0,0
48,23.971,0.029,99.88,355.742,98.929,0.05,0.05,1,0,0,1,0,0,0,0
49,24.0,0.0,100.0,412.586,97.807,0.2657,0.2296,0,0,0,1,0,0,0,0
50,24.0,0.0,100.0,378.8031,99.458,0.1454,0.05,0,0,0,1,0,0,0,0
51,23.941,0.059,99.754,393.902,99.342,0.0749,0.2697,0,0,0,1,0,0,0,0
52,23.914,0.086,99.642,436.7663,98.443,0.05,0.1969,0,0,0,1,0,0,0,0
53,23.899,0.101,99.58,407.1846,98.396,0.107,0.1326,1,0,0,1,0,0,0,0
54,23.914,0.086,99.641,350.747,100.0,0.1919,0.3546,0,0,0,1,0,0,0,0
55,23.954,0.046,99.807,396.0415,98.089,0.05,0.0937,0,0,0,1,0,0,0,0
56,24.0,0.0,100.0,352.1406,100.0,0.05,0.2498,0,0,0,1,0,0,0,0
57,23.637,0.363,98.486,526.3476,99.162,0.1759,0.1723,0,0,0,1,0,0,0,0
58,23.908,0.092,99.619,453.9566,98.962,0.05,0.2241,0,0,0,1,0,0,0,0
59,24.0,0.0,100.0,349.2241,99.133,0.3072,0.3199,0,0,0,1,0,0,0,0
60,24.0,0.0,100.0,440.7279,98.673,0.05,0.1232,0,0,0,1,0,0,0,0
61,23.878,0.122,99.492,477.9444,98.682,0.05,0.3066,0,0,0,1,0,0,0,0
62,23.925,0.075,99.687,420.0081,99.675,0.2779,0.2375,0,0,0,1,0,0,0,0
63,23.845,0.155,99.353,349.4615,98.932,0.291,0.1355,0,0,0,1,0,0,0,0
64,23.883,0.117,99.514,375.8803,100.0,0.05,0.3464,1,0,0,1,0,0,0,0
65,23.697,0.303,98.737,460.025,97.186,0.1251,0.2281,0,0,0,1,0,0,0,0
66,24.0,0.0,100.0,467.9497,99.527,0.1311,0.4398,1,0,0,1,0,0,0,0
67,24.0,0.0,100.0,316.6286,97.589,0.05,0.4063,0,0,0,1,0,0,0,0
68,23.957,0.043,99.819,429.9,99.088,0.1056,0.1151,1,0,0,1,0,0,0,0
69,23.931,0.069,99.714,370.7819,99.031,0.2619,0.2624,0,0,0,1,0,0,0,0
70,24.0,0.0,100.0,401.3448,96.679,0.2466,0.1072,0,0,0,1,0,0,0,0
71,24.0,0.0,100.0,409.1492,98.897,0.4142,0.4719,0,0,0,1,0,0,0,0
72,23.92,0.08,99.665,342.2874,99.465,0.0643,0.1927,0,0,0,1,0,0,0,0
73,23.773,0.227,99.056,490.5747,100.0,0.1442,0.3159,0,0,0,1,0,0,0,0
74,23.805,0.195,99.189,531.5792,97.43,0.2684,0.2344,0,0,0,1,0,0,0,0
75,23.751,0.249,98.964,440.1643,97.692,0.05,0.1671,1,0,0,1,0,0,0,0
76,24.0,0.0,100.0,457.7383,98.967,0.05,0.3509,0,0,0,1,0,0,0,0
77,23.898,0.102,99.575,446.4459,99.523,0.0832,0.0634,0,0,0,1,0,0,0,0
78,24.0,0.0,100.0,456.4106,98.065,0.1994,0.3157,0,0,0,1,0,0,0,0
79,23.743,0.257,98.929,350.5421,99.583,0.2446,0.4789,0,0,0,1,0,0,0,0
80,23.899,0.101,99.578,324.1253,97.912,0.05,0.3028,0,0,0,1,0,0,0,0
81,23.984,0.016,99.933,332.5055,99.455,0.05,0.2975,0,0,0,1,0,0,0,0
82,24.0,0.0,100.0,427.7284,98.82,0.05,0.4587,0,0,0,1,0,0,0,0
83,24.0,0.0,100.0,424.8628,96.765,0.05,0.344,0,0,0,1,0,0,0,0
84,23.679,0.321,98.663,429.2408,100.0,0.1217,0.05,0,0,0,1,0,0,0,0
85,23.739,0.261,98.912,481.1797,98.85,0.1839,0.3484,1,0,0,1,0,0,0,0
86,24.0,0.0,100.0,399.7609,100.0,0.05,0.1134,1,0,0,1,0,0,0,0
87,24.0,0.0,100.0,535.0318,99.338,0.1179,0.2578,0,0,0,1,0,0,0,0
88,24.0,0.0,100.0,402.6182,98.258,0.113,0.4421,0,0,0,1,0,0,0,0
89,23.915,0.085,99.646,420.6532,99.03,0.3209,0.2113,0,0,0,1,0,0,0,0
90,23.925,0.075,99.688,291.4354,99.188,0.1418,0.0749,0,0,0,1,0,0,0,0
91,23.77,0.23,99.043,450.9076,98.474,0.2369,0.05,0,0,0,1,0,0,0,0
92,24.0,0.0,100.0,329.6749,99.108,0.0505,0.3554,1,0,0,1,0,0,0,0
93,23.874,0.126,99.474,388.6734,97.663,0.05,0.409,0,0,0,1,0,0,0,0
94,23.876,0.124,99.485,545.5757,97.788,0.1895,0.2488,0,0,0,1,0,0,0,0
95,23.998,0.002,99.992,437.5447,97.408,0.2039,0.4332,1,0,0,1,0,0,0,0
96,23.838,0.162,99.327,332.8764,100.0,0.2466,0.38,0,0,0,1,0,0,0,0
97,24.0,0.0,100.0,336.793,99.677,0.2475,0.2728,0,0,0,1,0,0,0,0
98,23.708,0.292,98.783,368.8502,100.0,0.3416,0.1549,0,0,0,1,0,0,0,0
99,24.0,0.0,100.0,461.0344,98.458,0.2656,0.6172,1,0,0,1,0,0,0,0
100,23.819,0.181,99.246,427.4715,100.0,0.3552,0.1436,0,0,0,1,0,0,0,0
101,24.0,0.0,100.0,417.1397,98.916,0.05,0.405,0,0,0,1,0,0,0,0
102,23.868,0.132,99.449,355.1375,100.0,0.1585,0.3428,1,0,0,1,0,0,0,0
103,23.98,0.02,99.918,472.9455,98.327,0.0948,0.3946,0,0,0,1,0,0,0,0
104,23.99,0.01,99.959,517.8098,99.436,0.1492,0.1407,0,0,0,1,0,0,0,0
105,23.878,0.122,99.491,512.4411,99.772,0.05,0.1359,0,0,0,1,0,0,0,0
106,23.922,0.078,99.673,399.4975,98.104,0.2583,0.2752,0,0,0,1,0,0,0,0
107,24.0,0.0,100.0,275.25,99.842,0.1784,0.3343,0,0,0,1,0,0,0,0
108,24.0,0.0,100.0,399.1624,98.48,0.3251,0.7121,0,0,0,1,0,0,0,0
109,24.0,0.0,100.0,454.2401,98.594,0.1712,0.0523,0,0,0,1,0,0,0,0
110,24.0,0.0,100.0,434.4454,100.0,0.2253,0.2239,0,0,0,1,0,0,0,0
111,24.0,0.0,100.0,455.4288,97.694,0.2403,0.6136,0,0,0,1,0,0,0,0
112,23.867,0.133,99.444,390.2941,98.969,0.2833,0.5772,0,0,0,1,0,0,0,0
113,24.0,0.0,100.0,457.6775,100.0,0.135,0.1374,0,0,0,1,0,0,0,0
114,23.937,0.063,99.737,395.1722,97.309,0.2419,0.05,0,0,0,1,0,0,0,0
115,24.0,0.0,100.0,467.1139,99.822,0.2287,0.05,1,0,0,1,0,0,0,0
116,23.985,0.015,99.939,430.4647,99.769,0.2129,0.2943,0,0,0,1,0,0,0,0
117,23.997,0.003,99.989,380.7784,97.637,0.1743,0.3061,0,0,0,1,0,0,0,0
118,24.0,0.0,100.0,434.5081,98.69,0.3423,0.3697,1,0,0,1,0,0,0,0
119,23.876,0.124,99.482,390.1577,100.0,0.1325,0.5345,1,0,0,1,0,0,0,0
120,23.916,0.084,99.651,464.3173,98.236,0.2378,0.2013,0,0,0,1,0,0,0,0
121,23.706,0.294,98.774,471.2696,99.266,0.05,0.4769,0,0,0,1,0,0,0,0
122,23.948,0.052,99.782,305.4963,98.732,0.1887,0.5308,0,0,0,1,0,0,0,0
123,23.897,0.103,99.572,419.558,97.876,0.2803,0.1042,0,0,0,1,0,0,0,0
124,23.991,0.009,99.962,454.573,98.247,0.1555,0.4301,1,0,0,1,0,0,0,0
125,24.0,0.0,100.0,474.7231,99.727,0.1746,0.4141,0,0,0,1,0,0,0,0
126,23.835,0.165,99.311,433.195,99.573,0.0917,0.0626,0,0,0,1,0,0,0,0
127,23.917,0.083,99.652,349.2369,99.544,0.116,0.0812,0,0,0,1,0,0,0,0
128,23.925,0.075,99.688,380.5267,98.864,0.141,0.4219,0,0,0,1,0,0,0,0
129,24.0,0.0,100.0,458.2021,100.0,0.0679,0.3714,1,0,0,1,0,0,0,0
130,23.963,0.037,99.848,556.9109,100.0,0.2929,0.2803,0,0,0,1,0,0,0,0
131,23.826,0.174,99.273,363.9182,99.339,0.1912,0.4751,0,0,0,1,0,0,0,0
132,24.0,0.0,100.0,445.3849,99.353,0.2347,0.3134,0,0,0,1,0,0,0,0
133,23.964,0.036,99.849,458.4559,99.027,0.4442,0.05,1,0,0,1,0,0,0,0
134,24.0,0.0,100.0,463.6648,99.527,0.274,0.05,1,0,0,1,0,0,0,0
135,23.951,0.049,99.796,350.7603,99.441,0.1711,0.3961,0,0,0,1,0,0,0,0
136,24.0,0.0,100.0,492.9278,99.087,0.05,0.5691,1,0,0,1,0,0,0,0
137,23.875,0.125,99.479,408.4395,98.373,0.05,0.3529,0,0,0,1,0,0,0,0
138,22.072,1.928,91.965,317.6449,94.749,0.2395,0.4503,1,1,0,1,0,0,0,0
139,23.866,0.134,99.443,491.9291,99.441,0.3001,0.3807,0,0,0,1,0,0,0,0
140,24.0,0.0,100.0,393.6337,99.631,0.05,0.05,0,0,0,1,0,0,0,0
141,23.906,0.094,99.607,285.8127,99.564,0.1834,0.5286,0,0,0,1,0,0,0,0
142,23.85,0.15,99.377,465.8693,98.266,0.3078,0.3538,0,0,0,1,0,0,0,0
143,24.0,0.0,100.0,476.9662,98.311,0.05,0.05,0,0,0,1,0,0,0,0
144,23.887,0.113,99.528,399.2189,100.0,0.2901,0.5535,0,0,0,1,0,0,0,0
145,24.0,0.0,100.0,370.2475,98.456,0.2797,0.4898,0,0,0,1,0,0,0,0
146,23.994,0.006,99.973,274.368,96.164,0.1246,0.3147,0,0,0,1,0,0,0,0
147,23.777,0.223,99.071,435.6507,99.742,0.2075,0.5381,0,0,0,1,0,0,0,0
148,23.89,0.11,99.54,447.4768,99.172,0.1777,0.05,0,0,0,1,0,0,0,0
149,23.86,0.14,99.415,449.5636,98.727,0.05,0.3066,0,0,0,1,0,0,0,0
150,23.956,0.044,99.817,451.1729,99.124,0.05,0.05,0,0,0,1,0,0,0,0
151,23.995,0.005,99.981,451.4465,98.668,0.2965,0.3468,0,0,0,1,0,0,0,0
152,23.93,0.07,99.708,301.7149,99.389,0.2496,0.3953,0,0,0,1,0,0,0,0
153,23.824,0.176,99.268,383.2577,99.178,0.05,0.2811,1,0,0,1,0,0,0,0
154,24.0,0.0,100.0,358.678,97.317,0.05,0.05,0,0,0,1,0,0,0,0
155,23.751,0.249,98.96,447.1784,98.46,0.2173,0.1479,0,0,0,1,0,0,0,0
156,24.0,0.0,100.0,397.0373,100.0,0.3647,0.4695,0,0,0,1,0,0,0,0
157,24.0,0.0,100.0,406.9848,98.708,0.3138,0.3618,0,0,0,1,0,0,0,0
158,23.791,0.209,99.13,422.4387,98.888,0.05,0.3088,1,0,0,1,0,0,0,0
159,23.984,0.016,99.935,381.1773,98.621,0.0546,0.2632,1,0,0,1,0,0,0,0
160,24.0,0.0,100.0,309.442,100.0,0.2835,0.05,1,0,0,1,0,0,0,0
161,23.935,0.065,99.729,503.3765,98.65,0.2593,0.05,1,0,0,1,0,0,0,0
162,24.0,0.0,100.0,421.4884,97.471,0.4492,0.05,0,0,0,1,0,0,0,0
163,24.0,0.0,100.0,525.4737,98.933,0.1055,0.5682,0,0,0,1,0,0,0,0
164,23.987,0.013,99.947,420.9289,98.301,0.05,0.4587,0,0,0,1,0,0,0,0
165,24.0,0.0,100.0,455.026,99.067,0.0931,0.2865,0,0,0,1,0,0,0,0
166,23.935,0.065,99.729,446.9061,98.505,0.2393,0.05,1,0,0,1,0,0,0,0
167,23.957,0.043,99.82,448.9178,100.0,0.1987,0.4049,0,0,0,1,0,0,0,0
168,23.946,0.054,99.775,345.5287,99.507,0.05,0.1896,1,0,0,1,0,0,0,0
169,23.85,0.15,99.374,369.6743,98.589,0.0603,0.238,0,0,0,1,0,0,0,0
170,23.915,0.085,99.644,475.1895,98.654,0.05,0.2008,1,0,0,1,0,0,0,0
171,24.0,0.0,100.0,464.9813,99.154,0.4491,0.3579,0,0,0,1,0,0,0,0
172,23.755,0.245,98.978,434.6467,98.891,0.2872,0.05,0,0,0,1,0,0,0,0
173,24.0,0.0,100.0,457.8062,99.95,0.2285,0.3933,0,0,0,1,0,0,0,0
174,23.724,0.276,98.85,319.4017,99.526,0.05,0.423,0,0,0,1,0,0,0,0
175,24.0,0.0,100.0,402.5375,100.0,0.309,0.1511,0,0,0,1,0,0,0,0
176,23.926,0.074,99.691,372.9723,97.511,0.0822,0.1784,0,0,0,1,0,0,0,0
177,23.962,0.038,99.842,446.8386,97.565,0.05,0.4389,1,0,0,1,0,0,0,0
178,24.0,0.0,100.0,426.9862,100.0,0.2918,0.3435,0,0,0,1,0,0,0,0
179,24.0,0.0,100.0,440.0107,99.838,0.4448,0.109,1,0,0,1,0,0,0,0
180,23.977,0.023,99.904,454.2734,98.462,0.05,0.1381,0,0,0,1,0,0,0,0
181,23.998,0.002,99.99,465.0289,99.696,0.3217,0.05,0,0,0,1,0,0,0,0
182,23.741,0.259,98.922,353.6187,100.0,0.4068,0.1646,1,0,0,1,0,0,0,0
183,23.906,0.094,99.608,448.5213,98.211,0.05,0.0865,0,0,0,1,0,0,0,0
184,24.0,0.0,100.0,340.9144,98.403,0.1015,0.1788,1,0,0,1,0,0,0,0
185,23.956,0.044,99.815,373.0921,98.572,0.2489,0.6946,0,0,0,1,0,0,0,0
186,24.0,0.0,100.0,490.9508,99.229,0.1457,0.0657,1,0,0,1,0,0,0,0
187,23.92,0.08,99.665,386.0833,99.66,0.4267,0.5757,1,0,0,1,0,0,0,0
188,24.0,0.0,100.0,378.9379,98.768,0.05,0.4081,1,0,0,1,0,0,0,0
189,23.861,0.139,99.419,406.7804,99.279,0.2034,0.1802,2,0,0,1,0,0,0,0
190,24.0,0.0,100.0,363.8759,98.446,0.1034,0.1508,0,0,0,1,0,0,0,0
191,23.961,0.039,99.838,357.4381,99.984,0.2511,0.1576,0,0,0,1,0,0,0,0
192,24.0,0.0,100.0,377.4638,98.199,0.05,0.05,0,0,0,1,0,0,0,0
193,23.969,0.031,99.87,309.6932,100.0,0.2343,0.05,0,0,0,1,0,0,0,0
194,23.884,0.116,99.516,371.8667,100.0,0.05,0.2712,1,0,0,1,0,0,0,0
195,23.887,0.113,99.531,373.3919,98.349,0.05,0.1553,1,0,0,1,0,0,0,0
196,23.894,0.106,99.557,408.7487,99.197,0.2199,0.1198,0,0,0,1,0,0,0,0
197,23.878,0.122,99.493,510.0396,100.0,0.1775,0.3236,0,0,0,1,0,0,0,0
198,23.808,0.192,99.198,449.4471,98.614,0.05,0.1047,0,0,0,1,0,0,0,0
199,24.0,0.0,100.0,304.0384,100.0,0.2104,0.4034,0,0,0,1,0,0,0,0
200,23.916,0.084,99.652,416.3125,100.0,0.2785,0.05,0,0,0,1,0,0,0,0
201,24.0,0.0,100.0,403.595,98.749,0.4296,0.0862,1,0,0,1,0,0,0,0
202,23.826,0.174,99.274,525.2416,99.679,0.0888,0.05,1,0,0,1,0,0,0,0
203,24.0,0.0,100.0,492.6751,97.721,0.05,0.3405,0,0,0,1,0,0,0,0
204,24.0,0.0,100.0,398.6018,97.275,0.4813,0.1254,0,0,0,1,0,0,0,0
205,23.795,0.205,99.146,419.1261,98.169,0.0767,0.263,0,0,0,1,0,0,0,0
206,23.971,0.029,99.88,326.1543,97.509,0.1492,0.0993,2,0,0,1,0,0,0,0
207,23.874,0.126,99.476,380.9969,97.097,0.05,0.1864,1,0,0,1,0,0,0,0
208,24.0,0.0,100.0,378.6251,98.858,0.2013,0.2204,0,0,0,1,0,0,0,0
209,23.795,0.205,99.145,444.6132,99.242,0.05,0.0758,0,0,0,1,0,0,0,0
210,24.0,0.0,100.0,363.863,97.321,0.05,0.1462,1,0,0,1,0,0,0,0
211,24.0,0.0,100.0,490.172,98.612,0.1444,0.05,0,0,0,1,0,0,0,0
212,23.892,0.108,99.552,460.2176,100.0,0.1234,0.1748,1,0,0,1,0,0,0,0
213,24.0,0.0,100.0,439.9702,98.559,0.2235,0.1798,1,0,0,1,0,0,0,0
214,23.868,0.132,99.45,355.0582,99.961,0.05,0.5181,1,0,0,1,0,0,0,0
215,23.727,0.273,98.863,309.6784,98.805,0.3604,0.1526,0,0,0,1,0,0,0,0
216,24.0,0.0,100.0,320.5487,98.916,0.2439,0.2459,0,0,0,1,0,0,0,0
217,24.0,0.0,100.0,359.4935,98.202,0.05,0.2703,0,0,0,1,0,0,0,0
218,23.809,0.191,99.204,469.6713,98.992,0.0762,0.4817,0,0,0,1,0,0,0,0
219,23.902,0.098,99.59,415.9519,98.392,0.1243,0.2172,0,0,0,1,0,0,0,0
220,23.861,0.139,99.421,400.9687,99.548,0.2869,0.05,0,0,0,1,0,0,0,0
221,24.0,0.0,100.0,467.0764,99.434,0.05,0.2207,1,0,0,1,0,0,0,0
222,24.0,0.0,100.0,367.3932,100.0,0.35,0.1901,0,0,0,1,0,0,0,0
223,23.911,0.089,99.631,356.1841,97.118,0.2906,0.3408,0,0,0,1,0,0,0,0
224,23.96,0.04,99.833,409.5983,99.712,0.05,0.2568,1,0,0,1,0,0,0,0
225,24.0,0.0,100.0,378.7186,100.0,0.2954,0.05,0,0,0,1,0,0,0,0
226,23.936,0.064,99.733,376.6145,99.208,0.05,0.1073,1,0,0,1,0,0,0,0
227,24.0,0.0,100.0,368.0806,98.887,0.2559,0.1148,0,0,0,1,0,0,0,0
228,23.756,0.244,98.985,435.9031,100.0,0.05,0.05,0,0,0,1,0,0,0,0
229,24.0,0.0,100.0,384.7509,99.657,0.2024,0.1647,1,0,0,1,0,0,0,0
230,23.969,0.031,99.871,500.5144,100.0,0.2908,0.1446,0,0,0,1,0,0,0,0
231,23.923,0.077,99.681,388.9069,98.657,0.0722,0.2387,0,0,0,1,0,0,0,0
232,23.864,0.136,99.431,497.5733,97.973,0.1657,0.1281,0,0,0,1,0,0,0,0
233,24.0,0.0,100.0,473.4532,98.925,0.362,0.6682,0,0,0,1,0,0,0,0
234,23.834,0.166,99.307,508.2834,100.0,0.3074,0.05,0,0,0,1,0,0,0,0
235,23.903,0.097,99.596,420.8913,98.105,0.4067,0.1628,0,0,0,1,0,0,0,0
236,21.75,2.25,90.625,327.1469,96.762,0.3722,0.3015,1,1,0,1,0,0,0,0
237,23.859,0.141,99.414,406.2383,100.0,0.3572,0.3151,0,0,0,1,0,0,0,0
238,23.702,0.298,98.759,318.0982,98.802,0.2243,0.381,0,0,0,1,0,0,0,0
239,24.0,0.0,100.0,519.7251,97.208,0.1818,0.2278,0,0,0,1,0,0,0,0
240,24.0,0.0,100.0,428.3114,98.521,0.0826,0.6859,0,0,0,1,0,0,0,0
241,23.642,0.358,98.506,411.7067,98.797,0.4724,0.3538,0,0,0,1,0,0,0,0
242,23.634,0.366,98.474,478.6338,98.516,0.3864,0.8393,0,0,0,1,0,0,0,0
243,24.0,0.0,100.0,507.3335,97.772,0.1696,0.2424,1,0,0,1,0,0,0,0
244,23.811,0.189,99.213,375.033,98.451,0.4099,0.3628,0,0,0,1,0,0,0,0
245,23.767,0.233,99.027,406.5319,100.0,0.4316,0.2622,1,0,0,1,0,0,0,0
246,23.86,0.14,99.419,436.6203,98.73,0.0961,0.622,1,0,0,1,0,0,0,0
247,23.719,0.281,98.83,371.1965,99.984,0.05,0.4138,0,0,0,1,0,0,0,0
248,23.802,0.198,99.174,386.3237,97.483,0.2209,0.05,0,0,0,1,0,0,0,0
249,23.634,0.366,98.474,399.6942,98.318,0.1642,0.085,1,0,0,1,0,0,0,0
250,23.978,0.022,99.91,341.7356,99.786,0.4339,0.2245,0,0,0,1,0,0,0,0
251,23.818,0.182,99.241,408.614,98.511,0.4328,0.05,1,0,0,1,0,0,0,0
252,23.803,0.197,99.179,508.3854,98.53,0.5135,0.5909,0,0,0,1,0,0,0,0
253,23.932,0.068,99.717,369.2578,97.832,0.558,0.6195,0,0,0,1,0,0,0,0
254,23.701,0.299,98.754,460.2805,97.93,0.2532,0.6342,2,0,0,1,0,0,0,0
255,23.717,0.283,98.82,417.1559,99.338,0.2288,0.4086,0,0,0,1,0,0,0,0
256,23.799,0.201,99.163,452.8556,96.148,0.1892,0.1585,1,0,0,1,0,0,0,0
257,23.818,0.182,99.244,421.6444,97.842,0.6542,0.3488,1,0,0,1,0,0,0,0
258,23.65,0.35,98.54,434.127,98.194,0.2313,0.345,0,0,0,1,0,0,0,0
259,23.736,0.264,98.899,476.3414,98.551,0.567,0.5976,0,0,0,1,0,0,0,0
260,23.682,0.318,98.677,489.6998,98.333,0.4477,0.2092,0,0,0,1,0,0,0,0
261,23.922,0.078,99.673,456.9659,99.06,0.3648,0.2438,1,0,0,1,0,0,0,0
262,23.716,0.284,98.816,414.002,97.874,0.2702,0.5481,1,0,0,1,0,0,0,0
263,23.577,0.423,98.236,444.3168,96.509,0.5669,0.7241,0,0,0,1,0,0,0,0
264,23.48,0.52,97.835,367.0577,96.318,0.2374,0.5554,0,0,0,1,0,0,0,0
265,23.661,0.339,98.586,526.1602,99.7,0.1168,0.5486,0,0,0,1,0,0,0,0
266,23.671,0.329,98.631,457.572,98.781,0.3486,0.4288,1,0,0,1,0,0,0,0
267,23.645,0.355,98.522,482.3041,97.059,0.206,0.6178,0,0,0,1,0,0,0,0
268,23.405,0.595,97.52,415.9515,94.73,0.2371,0.5002,1,0,0,1,0,0,0,0
269,23.57,0.43,98.208,360.8144,97.555,0.2191,0.5783,2,0,0,1,0,0,0,0
270,23.634,0.366,98.474,448.0309,96.676,0.4072,0.92,1,0,0,1,0,0,0,0
271,23.72,0.28,98.833,419.6166,98.066,0.6514,0.3898,1,0,0,1,0,0,0,0
272,23.703,0.297,98.762,432.5234,96.519,0.6616,0.8078,1,0,0,1,0,0,0,0
273,23.765,0.235,99.02,457.4294,98.053,0.4429,0.4201,1,0,0,1,0,0,0,0
274,23.672,0.328,98.635,381.6983,97.769,0.5289,0.4045,0,0,0,1,0,0,0,0
275,23.759,0.241,98.996,393.2029,96.568,0.6472,0.8559,0,0,0,1,0,0,0,0
276,23.642,0.358,98.508,421.4676,97.386,0.5595,0.6199,0,0,0,1,0,0,0,0
277,23.638,0.362,98.491,476.6272,96.311,0.285,1.104,1,0,0,1,0,0,0,0
278,23.703,0.297,98.761,393.6752,97.31,0.4377,0.7892,0,0,0,1,0,0,0,0
279,23.76,0.24,99.002,384.3108,97.529,0.5865,0.6612,0,0,0,1,0,0,0,0
280,23.645,0.355,98.522,386.4176,95.666,0.6235,0.5355,0,0,0,1,0,0,0,0
281,23.409,0.591,97.536,401.8141,96.385,0.5527,0.728,1,0,0,1,0,0,0,0
282,23.509,0.491,97.956,368.4554,96.846,0.5483,0.3513,0,0,0,1,0,0,0,0
283,23.768,0.232,99.032,417.3036,95.875,0.2858,0.9834,1,0,0,1,0,0,0,0
284,23.563,0.437,98.179,347.1971,95.973,0.5735,0.6357,2,0,0,1,0,0,0,0
285,23.619,0.381,98.415,505.0665,98.81,0.5903,0.7959,1,0,0,1,0,0,0,0
286,23.578,0.422,98.242,420.3282,98.805,0.821,0.6752,1,0,0,1,0,0,0,0
287,23.583,0.417,98.263,402.3632,95.418,0.3522,0.8434,0,0,0,1,0,0,0,0
288,23.543,0.457,98.097,507.9021,97.899,0.8811,0.873,2,0,0,1,0,0,0,0
289,23.697,0.303,98.739,371.0807,94.94,0.5516,0.7002,2,0,0,1,0,0,0,0
290,23.61,0.39,98.377,462.2018,96.047,0.6645,0.7878,2,0,0,1,0,0,0,0
291,23.186,0.814,96.608,411.5117,96.253,0.7808,0.5605,1,0,0,1,0,0,0,0
292,23.697,0.303,98.737,474.4183,96.921,0.6962,0.7396,1,0,0,1,0,0,0,0
293,23.45,0.55,97.709,387.0052,97.546,0.5222,0.8672,1,0,0,1,0,0,0,0
294,23.623,0.377,98.43,433.4265,98.073,0.5267,0.6979,1,0,0,1,0,0,0,0
295,23.456,0.544,97.734,331.0305,95.603,0.6124,0.6759,1,0,0,1,0,0,0,0
296,23.501,0.499,97.921,487.5204,94.569,0.8519,0.2832,2,0,0,1,0,0,0,0
297,23.358,0.642,97.326,337.3454,94.177,0.789,1.0915,1,0,0,1,0,0,0,0
298,23.583,0.417,98.263,377.3359,96.191,0.9871,0.8224,2,0,0,1,0,0,0,0
299,23.342,0.658,97.258,348.5069,95.51,0.804,1.1345,2,0,0,1,0,0,0,0
300,23.38,0.62,97.418,431.2726,96.64,0.7881,0.703,1,0,0,1,0,0,0,0
301,23.147,0.853,96.444,386.2004,96.585,0.8669,0.607,1,0,0,1,0,0,0,0
302,23.462,0.538,97.758,430.2495,94.857,0.8619,1.1028,2,0,0,1,0,0,0,0
303,23.322,0.678,97.176,458.0388,94.378,0.8628,0.9206,1,0,0,1,0,0,0,0
304,23.366,0.634,97.36,480.1957,97.46,0.8306,1.1115,0,0,0,1,0,0,0,0
305,23.36,0.64,97.332,442.2842,95.831,0.8306,0.7758,1,0,0,1,0,0,0,0
306,23.251,0.749,96.878,389.7215,95.569,0.7222,0.6537,1,0,0,1,0,0,0,0
307,23.393,0.607,97.472,423.9617,95.239,1.1263,0.9601,0,0,0,1,0,0,0,0
308,23.404,0.596,97.517,427.4136,96.541,1.0005,1.093,1,0,0,1,0,0,0,0
309,23.407,0.593,97.531,434.0166,95.794,0.631,1.0915,0,0,0,1,0,0,0,0
310,23.48,0.52,97.833,326.5611,96.642,0.6257,0.8081,1,0,0,1,0,0,0,0
311,23.173,0.827,96.552,370.8397,93.725,0.8302,0.959,2,0,0,1,0,0,0,0
312,23.322,0.678,97.176,481.962,94.345,0.8228,1.1095,2,0,0,1,0,0,0,0
313,23.083,0.917,96.177,533.163,95.732,1.1053,0.9473,0,0,0,1,0,0,0,0
314,23.172,0.828,96.549,412.314,94.542,0.8713,1.1248,0,0,0,1,0,0,0,0
315,23.252,0.748,96.882,452.0397,95.287,0.895,1.0595,0,0,0,1,0,0,0,0
316,23.036,0.964,95.984,523.2719,95.201,0.9145,0.7542,1,0,0,1,0,0,0,0
317,23.363,0.637,97.345,386.6915,95.378,0.8297,1.4232,1,0,0,1,0,0,0,0
318,23.437,0.563,97.654,394.9285,95.091,0.82,1.1215,1,0,0,1,0,0,0,0
319,23.292,0.708,97.05,432.0229,93.796,0.8498,1.2508,2,0,0,1,0,0,0,0
320,23.198,0.802,96.658,424.1616,94.822,0.976,1.2453,1,0,0,1,0,0,0,0
321,23.169,0.831,96.536,445.4716,95.721,1.0575,0.9833,2,0,0,1,0,0,0,0
322,23.171,0.829,96.545,382.8983,92.823,0.71,1.2026,2,0,0,1,0,0,0,0
323,23.326,0.674,97.19,437.2114,95.427,1.0971,0.9156,1,0,0,1,0,0,0,0
324,23.082,0.918,96.176,405.1007,96.287,1.3044,1.4617,1,0,0,1,0,0,0,0
325,23.071,0.929,96.128,350.092,93.627,0.9213,1.0227,1,0,0,1,0,0,0,0
326,23.264,0.736,96.932,382.6305,94.024,0.7,1.3715,0,0,0,1,0,0,0,0
327,23.197,0.803,96.653,371.9019,94.668,0.9973,0.8924,2,0,0,1,0,0,0,0
328,23.229,0.771,96.787,399.4834,94.866,1.2241,1.1226,2,0,0,1,0,0,0,0
329,23.292,0.708,97.05,410.1828,94.888,0.8795,0.906,2,0,0,1,0,0,0,0
330,22.922,1.078,95.509,491.1457,92.762,1.1676,1.1419,3,0,0,1,0,0,0,0
331,23.227,0.773,96.778,356.7737,94.102,1.1684,1.3656,1,0,0,1,0,0,0,0
10,23.744,0.256,98.933,5.1362,97.855,0.1043,0.05,1,0,0,0,0,1,0,0
11,23.935,0.065,99.73,4.2362,99.47,0.0875,0.05,0,0,0,0,0,1,0,0
12,23.972,0.028,99.883,3.9098,99.15,0.336,0.05,0,0,0,0,0,1,0,0
13,24.0,0.0,100.0,3.886,99.366,0.3304,0.3157,0,0,0,0,0,1,0,0
14,23.891,0.109,99.544,4.0781,100.0,0.2695,0.6101,0,0,0,0,0,1,0,0
15,24.0,0.0,100.0,3.6226,99.262,0.05,0.4471,0,0,0,0,0,1,0,0
16,24.0,0.0,100.0,5.9131,100.0,0.2276,0.3241,0,0,0,0,0,1,0,0
17,23.862,0.138,99.423,4.7774,99.24,0.3373,0.1219,0,0,0,0,0,1,0,0
18,23.758,0.242,98.993,5.3815,98.06,0.05,0.398,0,0,0,0,0,1,0,0
19,24.0,0.0,100.0,6.8531,96.538,0.1369,0.512,1,0,0,0,0,1,0,0
20,23.977,0.023,99.904,4.8436,99.392,0.2724,0.3759,1,0,0,0,0,1,0,0
21,23.779,0.221,99.078,4.9663,99.657,0.2936,0.2856,0,0,0,0,0,1,0,0
22,23.841,0.159,99.338,3.6858,99.909,0.05,0.1566,1,0,0,0,0,1,0,0
23,24.0,0.0,100.0,3.3812,99.817,0.0796,0.1729,0,0,0,0,0,1,0,0
24,23.904,0.096,99.6,2.7053,98.838,0.1475,0.1868,0,0,0,0,0,1,0,0
25,24.0,0.0,100.0,3.8957,99.496,0.2384,0.5014,0,0,0,0,0,1,0,0
26,24.0,0.0,100.0,4.959,97.908,0.2236,0.234,0,0,0,0,0,1,0,0
27,24.0,0.0,100.0,5.1314,98.334,0.3056,0.0802,1,0,0,0,0,1,0,0
28,23.931,0.069,99.712,4.2861,98.7,0.484,0.2421,1,0,0,0,0,1,0,0
29,23.997,0.003,99.985,4.2807,98.399,0.1457,0.294,0,0,0,0,0,1,0,0
30,24.0,0.0,100.0,5.5767,96.874,0.2096,0.4007,0,0,0,0,0,1,0,0
31,23.757,0.243,98.988,5.3557,97.53,0.05,0.0599,0,0,0,0,0,1,0,0
32,23.861,0.139,99.421,2.8335,99.215,0.2702,0.4179,0,0,0,0,0,1,0,0
33,24.0,0.0,100.0,4.6955,99.364,0.05,0.2241,0,0,0,0,0,1,0,0
34,24.0,0.0,100.0,3.0323,99.615,0.05,0.1284,0,0,0,0,0,1,0,0
35,23.91,0.09,99.625,4.7526,100.0,0.05,0.0532,0,0,0,0,0,1,0,0
36,23.906,0.094,99.608,3.8825,99.745,0.2137,0.438,1,0,0,0,0,1,0,0
37,23.824,0.176,99.268,5.0647,98.217,0.146,0.277,0,0,0,0,0,1,0,0
38,23.956,0.044,99.816,5.3876,99.277,0.4351,0.438,0,0,0,0,0,1,0,0
39,23.904,0.096,99.599,4.6671,100.0,0.1236,0.1074,0,0,0,0,0,1,0,0
40,23.935,0.065,99.727,4.3826,97.463,0.2114,0.2679,0,0,0,0,0,1,0,0
41,23.955,0.045,99.813,4.8243,99.781,0.1616,0.05,0,0,0,0,0,1,0,0
42,23.891,0.109,99.545,5.9876,98.034,0.05,0.0921,1,0,0,0,0,1,0,0
43,23.923,0.077,99.678,1.9438,99.968,0.05,0.3105,0,0,0,0,0,1,0,0
44,23.97,0.03,99.875,5.1101,98.593,0.0914,0.5598,2,0,0,0,0,1,0,0
45,24.0,0.0,100.0,3.9042,98.895,0.1318,0.4547,0,0,0,0,0,1,0,0
46,23.825,0.175,99.272,5.6232,99.352,0.1798,0.4699,0,0,0,0,0,1,0,0
47,23.878,0.122,99.492,2.2031,99.486,0.05,0.1239,0,0,0,0,0,1,0,0
48,24.0,0.0,100.0,5.4834,98.783,0.05,0.1041,0,0,0,0,0,1,0,0
49,23.743,0.257,98.928,3.594,97.476,0.1952,0.18,0,0,0,0,0,1,0,0
50,24.0,0.0,100.0,4.1349,99.168,0.2361,0.05,1,0,0,0,0,1,0,0
51,24.0,0.0,100.0,3.6179,99.263,0.1307,0.4788,1,0,0,0,0,1,0,0
52,23.95,0.05,99.793,4.3534,100.0,0.1539,0.1988,0,0,0,0,0,1,0,0
53,23.901,0.099,99.589,5.0451,98.404,0.2335,0.05,0,0,0,0,0,1,0,0
54,23.962,0.038,99.841,2.9123,98.201,0.0962,0.4995,0,0,0,0,0,1,0,0
55,23.864,0.136,99.431,4.7275,100.0,0.1158,0.05,1,0,0,0,0,1,0,0
56,23.915,0.085,99.645,4.4794,99.437,0.05,0.3138,1,0,0,0,0,1,0,0
57,23.851,0.149,99.38,5.4965,97.404,0.0778,0.4094,0,0,0,0,0,1,0,0
58,23.876,0.124,99.483,4.5045,98.563,0.0556,0.3995,0,0,0,0,0,1,0,0
59,24.0,0.0,100.0,6.0422,98.578,0.05,0.49,0,0,0,0,0,1,0,0
60,24.0,0.0,100.0,4.6471,98.604,0.05,0.2116,1,0,0,0,0,1,0,0
61,24.0,0.0,100.0,4.9454,97.921,0.3551,0.4594,1,0,0,0,0,1,0,0
62,23.931,0.069,99.711,5.6139,97.557,0.05,0.05,0,0,0,0,0,1,0,0
63,24.0,0.0,100.0,5.1948,98.11,0.05,0.6254,0,0,0,0,0,1,0,0
64,23.987,0.013,99.945,3.9397,97.356,0.2034,0.2182,1,0,0,0,0,1,0,0
65,24.0,0.0,100.0,5.1482,98.307,0.1671,0.495,1,0,0,0,0,1,0,0
66,23.863,0.137,99.43,3.481,99.241,0.2834,0.05,0,0,0,0,0,1,0,0
67,23.914,0.086,99.64,4.9032,99.769,0.05,0.4785,0,0,0,0,0,1,0,0
68,23.613,0.387,98.386,4.1336,99.624,0.05,0.4766,1,0,0,0,0,1,0,0
69,23.989,0.011,99.956,4.1877,100.0,0.2314,0.05,1,0,0,0,0,1,0,0
70,23.89,0.11,99.54,5.4771,97.871,0.448,0.1345,0,0,0,0,0,1,0,0
71,24.0,0.0,100.0,4.5778,98.629,0.1025,0.4822,1,0,0,0,0,1,0,0
72,23.869,0.131,99.454,4.3344,98.57,0.385,0.402,0,0,0,0,0,1,0,0
73,24.0,0.0,100.0,3.8013,98.861,0.2222,0.2925,0,0,0,0,0,1,0,0
74,24.0,0.0,100.0,5.9277,97.691,0.1935,0.331,1,0,0,0,0,1,0,0
75,24.0,0.0,100.0,4.2876,99.294,0.1649,0.4788,0,0,0,0,0,1,0,0
76,24.0,0.0,100.0,4.2954,99.273,0.1027,0.3485,0,0,0,0,0,1,0,0
77,23.897,0.103,99.57,2.5912,98.418,0.2783,0.271,0,0,0,0,0,1,0,0
78,23.699,0.301,98.748,4.3315,98.548,0.1775,0.1176,0,0,0,0,0,1,0,0
79,23.908,0.092,99.616,2.5557,99.424,0.4139,0.4295,1,0,0,0,0,1,0,0
80,23.797,0.203,99.153,4.327,98.225,0.2866,0.3427,1,0,0,0,0,1,0,0
81,23.768,0.232,99.032,3.6737,97.122,0.322,0.3856,0,0,0,0,0,1,0,0
82,24.0,0.0,100.0,4.1452,98.607,0.05,0.3066,1,0,0,0,0,1,0,0
83,24.0,0.0,100.0,4.0356,98.872,0.1176,0.322,0,0,0,0,0,1,0,0
84,24.0,0.0,100.0,4.5696,100.0,0.2296,0.3751,0,0,0,0,0,1,0,0
85,24.0,0.0,100.0,5.2878,99.624,0.309,0.6215,0,0,0,0,0,1,0,0
86,23.975,0.025,99.896,1.7937,98.404,0.1777,0.1167,0,0,0,0,0,1,0,0
87,23.753,0.247,98.97,5.0217,98.831,0.1621,0.4439,0,0,0,0,0,1,0,0
88,23.966,0.034,99.858,6.0726,98.172,0.2533,0.1217,0,0,0,0,0,1,0,0
89,23.975,0.025,99.894,2.7935,100.0,0.05,0.2957,0,0,0,0,0,1,0,0
90,23.94,0.06,99.75,4.9525,98.275,0.1022,0.1604,0,0,0,0,0,1,0,0
91,23.935,0.065,99.73,3.9369,99.478,0.05,0.4747,1,0,0,0,0,1,0,0
92,23.88,0.12,99.498,5.3341,98.515,0.05,0.2199,0,0,0,0,0,1,0,0
93,23.986,0.014,99.943,4.3688,99.51,0.2507,0.0856,0,0,0,0,0,1,0,0
94,24.0,0.0,100.0,7.0268,99.533,0.3061,0.05,0,0,0,0,0,1,0,0
95,23.943,0.057,99.764,4.1391,98.288,0.05,0.3697,0,0,0,0,0,1,0,0
96,23.962,0.038,99.841,3.975,98.188,0.05,0.05,0,0,0,0,0,1,0,0
97,24.0,0.0,100.0,4.3977,99.251,0.1262,0.0947,1,0,0,0,0,1,0,0
98,23.865,0.135,99.439,5.9101,97.788,0.1231,0.6229,1,0,0,0,0,1,0,0
99,23.853,0.147,99.389,4.9545,98.695,0.0893,0.5123,0,0,0,0,0,1,0,0
100,23.869,0.131,99.453,4.4049,99.009,0.05,0.4601,1,0,0,0,0,1,0,0
101,23.836,0.164,99.319,4.8734,99.684,0.4948,0.5655,1,0,0,0,0,1,0,0
102,23.879,0.121,99.497,5.5271,98.296,0.1874,0.0752,0,0,0,0,0,1,0,0
103,24.0,0.0,100.0,4.9116,98.648,0.2114,0.0608,0,0,0,0,0,1,0,0
104,23.876,0.124,99.482,5.8101,100.0,0.05,0.3681,0,0,0,0,0,1,0,0
105,23.922,0.078,99.675,4.2242,98.514,0.2963,0.2212,0,0,0,0,0,1,0,0
106,23.877,0.123,99.489,5.1887,98.18,0.3036,0.3266,0,0,0,0,0,1,0,0
107,23.962,0.038,99.841,3.1238,99.468,0.1164,0.6823,0,0,0,0,0,1,0,0
108,24.0,0.0,100.0,3.3377,96.688,0.0768,0.728,0,0,0,0,0,1,0,0
109,23.837,0.163,99.322,4.9533,97.747,0.2308,0.05,1,0,0,0,0,1,0,0
110,23.847,0.153,99.361,4.6982,99.269,0.2467,0.5036,1,0,0,0,0,1,0,0
111,23.905,0.095,99.605,6.0859,99.777,0.05,0.3824,0,0,0,0,0,1,0,0
112,23.94,0.06,99.751,2.7559,98.165,0.05,0.1441,0,0,0,0,0,1,0,0
113,23.9,0.1,99.582,3.9136,98.095,0.265,0.2605,0,0,0,0,0,1,0,0
114,23.744,0.256,98.935,5.1432,99.026,0.1433,0.3705,0,0,0,0,0,1,0,0
115,21.955,2.045,91.478,5.8913,97.452,0.3646,0.6273,0,1,0,0,0,1,0,0
116,23.807,0.193,99.196,4.4321,99.588,0.2751,0.3659,1,0,0,0,0,1,0,0
117,23.948,0.052,99.784,5.1834,99.481,0.0747,0.1928,0,0,0,0,0,1,0,0
118,24.0,0.0,100.0,3.2422,97.33,0.1549,0.05,0,0,0,0,0,1,0,0
119,23.89,0.11,99.542,5.9045,100.0,0.1019,0.4329,0,0,0,0,0,1,0,0
120,23.908,0.092,99.618,3.2845,98.287,0.1849,0.05,1,0,0,0,0,1,0,0
121,23.972,0.028,99.883,3.5546,99.83,0.3438,0.2836,0,0,0,0,0,1,0,0
122,23.979,0.021,99.914,4.93,98.044,0.1165,0.2574,0,0,0,0,0,1,0,0
123,23.933,0.067,99.722,4.7148,100.0,0.1181,0.1768,0,0,0,0,0,1,0,0
124,23.786,0.214,99.11,5.5689,99.123,0.05,0.05,1,0,0,0,0,1,0,0
125,24.0,0.0,100.0,3.8992,97.863,0.2582,0.2205,0,0,0,0,0,1,0,0
126,24.0,0.0,100.0,4.9885,97.158,0.4063,0.256,0,0,0,0,0,1,0,0
127,24.0,0.0,100.0,5.3576,96.931,0.05,0.3122,0,0,0,0,0,1,0,0
128,23.897,0.103,99.57,5.262,98.26,0.1101,0.5134,1,0,0,0,0,1,0,0
129,24.0,0.0,100.0,2.7112,97.546,0.3949,0.2663,0,0,0,0,0,1,0,0
130,23.821,0.179,99.254,3.7326,97.623,0.05,0.2785,0,0,0,0,0,1,0,0
131,23.925,0.075,99.686,3.7943,97.189,0.1158,0.2008,0,0,0,0,0,1,0,0
132,23.844,0.156,99.349,4.8005,100.0,0.0705,0.1513,0,0,0,0,0,1,0,0
133,23.825,0.175,99.271,4.2886,97.655,0.2586,0.407,0,0,0,0,0,1,0,0
134,23.792,0.208,99.134,4.5573,98.916,0.05,0.2451,0,0,0,0,0,1,0,0
135,23.955,0.045,99.811,4.9081,98.87,0.2621,0.32,0,0,0,0,0,1,0,0
136,23.988,0.012,99.951,3.9134,98.864,0.2106,0.4564,0,0,0,0,0,1,0,0
137,23.987,0.013,99.945,4.3392,100.0,0.05,0.3347,0,0,0,0,0,1,0,0
138,24.0,0.0,100.0,3.6085,97.792,0.1472,0.05,0,0,0,0,0,1,0,0
139,23.965,0.035,99.856,3.4251,100.0,0.0813,0.2733,0,0,0,0,0,1,0,0
140,24.0,0.0,100.0,5.3885,99.254,0.1309,0.3327,0,0,0,0,0,1,0,0
141,23.89,0.11,99.542,3.9377,99.278,0.3214,0.057,1,0,0,0,0,1,0,0
142,24.0,0.0,100.0,4.861,100.0,0.056,0.05,0,0,0,0,0,1,0,0
143,23.842,0.158,99.34,4.4463,98.773,0.2108,0.05,0,0,0,0,0,1,0,0
144,23.848,0.152,99.368,5.1075,98.403,0.0649,0.2556,1,0,0,0,0,1,0,0
145,23.829,0.171,99.288,4.2538,100.0,0.2302,0.5611,0,0,0,0,0,1,0,0
146,23.749,0.251,98.954,4.6743,98.662,0.3071,0.0722,1,0,0,0,0,1,0,0
147,24.0,0.0,100.0,4.6415,97.562,0.0737,0.3658,0,0,0,0,0,1,0,0
148,23.81,0.19,99.208,6.4298,97.798,0.2605,0.2589,0,0,0,0,0,1,0,0
149,23.706,0.294,98.774,5.546,99.009,0.2462,0.163,0,0,0,0,0,1,0,0
150,23.917,0.083,99.656,5.2736,98.408,0.05,0.0771,0,0,0,0,0,1,0,0
151,23.919,0.081,99.662,4.7876,98.479,0.2144,0.2063,0,0,0,0,0,1,0,0
152,24.0,0.0,100.0,3.6602,97.814,0.2928,0.211,0,0,0,0,0,1,0,0
153,24.0,0.0,100.0,3.297,100.0,0.05,0.3581,0,0,0,0,0,1,0,0
154,23.964,0.036,99.85,6.0633,99.38,0.05,0.5057,1,0,0,0,0,1,0,0
155,24.0,0.0,100.0,3.6166,98.703,0.1437,0.4921,0,0,0,0,0,1,0,0
156,23.728,0.272,98.868,3.7945,99.147,0.3446,0.5382,1,0,0,0,0,1,0,0
157,24.0,0.0,100.0,6.0486,97.554,0.1294,0.0889,0,0,0,0,0,1,0,0
158,23.853,0.147,99.389,4.0626,99.578,0.0655,0.1362,0,0,0,0,0,1,0,0
159,24.0,0.0,100.0,5.6846,99.464,0.4419,0.3848,0,0,0,0,0,1,0,0
160,23.971,0.029,99.877,6.2284,99.922,0.05,0.1256,1,0,0,0,0,1,0,0
161,23.878,0.122,99.49,3.2979,98.986,0.05,0.6555,0,0,0,0,0,1,0,0
162,24.0,0.0,100.0,5.3721,97.207,0.413,0.05,0,0,0,0,0,1,0,0
163,24.0,0.0,100.0,4.3051,99.195,0.4036,0.2041,2,0,0,0,0,1,0,0
164,23.888,0.112,99.532,4.4379,99.025,0.084,0.3425,0,0,0,0,0,1,0,0
165,23.999,0.001,99.996,5.8144,99.248,0.6724,0.234,0,0,0,0,0,1,0,0
166,23.83,0.17,99.291,5.1321,98.755,0.05,0.1,0,0,0,0,0,1,0,0
167,23.858,0.142,99.41,5.6428,98.449,0.4047,0.1924,0,0,0,0,0,1,0,0
168,24.0,0.0,100.0,4.0381,98.197,0.285,0.1489,1,0,0,0,0,1,0,0
169,24.0,0.0,100.0,4.8374,98.347,0.4062,0.05,1,0,0,0,0,1,0,0
170,24.0,0.0,100.0,1.3724,98.733,0.05,0.1286,0,0,0,0,0,1,0,0
171,23.862,0.138,99.424,3.452,100.0,0.1693,0.0777,1,0,0,0,0,1,0,0
172,23.718,0.282,98.824,2.8645,99.294,0.3021,0.6718,1,0,0,0,0,1,0,0
173,23.78,0.22,99.083,3.2484,97.9,0.05,0.1035,0,0,0,0,0,1,0,0
174,23.975,0.025,99.894,4.1719,99.148,0.2435,0.315,0,0,0,0,0,1,0,0
175,23.796,0.204,99.148,4.9444,100.0,0.4295,0.3499,2,0,0,0,0,1,0,0
176,24.0,0.0,100.0,3.7821,99.998,0.05,0.2435,1,0,0,0,0,1,0,0
177,23.683,0.317,98.68,3.8255,98.627,0.05,0.226,0,0,0,0,0,1,0,0
178,23.719,0.281,98.827,3.0931,99.697,0.2534,0.1114,0,0,0,0,0,1,0,0
179,23.979,0.021,99.911,4.9759,100.0,0.05,0.05,0,0,0,0,0,1,0,0
180,23.716,0.284,98.818,4.2,99.932,0.1153,0.1234,0,0,0,0,0,1,0,0
181,24.0,0.0,100.0,5.9204,99.799,0.1332,0.4673,0,0,0,0,0,1,0,0
182,24.0,0.0,100.0,5.9248,96.833,0.05,0.5055,0,0,0,0,0,1,0,0
183,23.967,0.033,99.862,3.0777,98.29,0.2662,0.05,0,0,0,0,0,1,0,0
184,23.917,0.083,99.653,5.4097,100.0,0.1716,0.2601,1,0,0,0,0,1,0,0
185,24.0,0.0,100.0,4.4011,97.391,0.0582,0.152,0,0,0,0,0,1,0,0
186,24.0,0.0,100.0,5.5805,98.021,0.4116,0.1621,0,0,0,0,0,1,0,0
187,23.846,0.154,99.358,4.5506,97.884,0.1245,0.2096,1,0,0,0,0,1,0,0
188,23.862,0.138,99.425,3.0435,99.845,0.409,0.3471,0,0,0,0,0,1,0,0
189,23.882,0.118,99.507,5.4242,97.99,0.05,0.05,1,0,0,0,0,1,0,0
190,23.838,0.162,99.323,5.4176,99.311,0.05,0.2882,0,0,0,0,0,1,0,0
191,23.97,0.03,99.875,5.9988,99.94,0.1519,0.5212,0,0,0,0,0,1,0,0
192,23.897,0.103,99.57,5.2405,98.667,0.05,0.4387,1,0,0,0,0,1,0,0
193,23.948,0.052,99.781,5.4994,97.78,0.05,0.05,0,0,0,0,0,1,0,0
194,24.0,0.0,100.0,6.0684,98.82,0.3161,0.1961,0,0,0,0,0,1,0,0
195,23.946,0.054,99.773,2.7218,98.652,0.05,0.2579,0,0,0,0,0,1,0,0
196,23.891,0.109,99.547,5.509,97.871,0.05,0.2899,0,0,0,0,0,1,0,0
197,23.944,0.056,99.767,2.7169,96.784,0.0783,0.1942,0,0,0,0,0,1,0,0
198,23.842,0.158,99.342,5.1912,100.0,0.05,0.0679,0,0,0,0,0,1,0,0
199,23.977,0.023,99.906,5.7424,99.155,0.1768,0.3697,0,0,0,0,0,1,0,0
200,23.893,0.107,99.553,5.2025,99.854,0.3545,0.7041,0,0,0,0,0,1,0,0
201,23.867,0.133,99.447,4.319,98.271,0.1509,0.536,1,0,0,0,0,1,0,0
202,23.936,0.064,99.734,4.3316,98.967,0.1787,0.1664,1,0,0,0,0,1,0,0
203,24.0,0.0,100.0,4.5595,97.425,0.05,0.5137,1,0,0,0,0,1,0,0
204,23.798,0.202,99.157,5.5607,98.855,0.1776,0.3513,0,0,0,0,0,1,0,0
205,23.787,0.213,99.113,4.1025,98.773,0.0972,0.3886,1,0,0,0,0,1,0,0
206,23.844,0.156,99.349,5.4047,98.144,0.2682,0.05,1,0,0,0,0,1,0,0
207,23.961,0.039,99.839,4.749,97.377,0.5181,0.3952,0,0,0,0,0,1,0,0
208,23.836,0.164,99.318,3.6301,97.844,0.463,0.1126,1,0,0,0,0,1,0,0
209,23.798,0.202,99.157,5.927,97.443,0.0956,0.8456,0,0,0,0,0,1,0,0
210,23.732,0.268,98.884,5.1103,99.289,0.05,0.3597,1,0,0,0,0,1,0,0
211,23.566,0.434,98.192,5.8384,98.263,0.1,0.2971,1,0,0,0,0,1,0,0
212,23.89,0.11,99.541,5.7987,97.155,0.1532,0.2593,1,0,0,0,0,1,0,0
213,23.596,0.404,98.319,3.239,97.984,0.3671,0.3651,0,0,0,0,0,1,0,0
214,23.768,0.232,99.035,4.812,99.575,0.1306,0.3343,0,0,0,0,0,1,0,0
215,23.71,0.29,98.791,6.4295,96.942,0.2958,0.5064,0,0,0,0,0,1,0,0
216,23.933,0.067,99.72,4.8882,98.671,0.3119,0.3597,0,0,0,0,0,1,0,0
217,23.697,0.303,98.736,5.0075,98.757,0.3082,0.3697,1,0,0,0,0,1,0,0
218,23.698,0.302,98.742,3.946,99.127,0.5188,0.5943,0,0,0,0,0,1,0,0
219,23.918,0.082,99.659,5.2547,97.848,0.4247,0.2871,0,0,0,0,0,1,0,0
220,21.677,2.323,90.321,4.6033,96.053,0.2932,0.6792,1,1,0,0,0,1,0,0
221,23.663,0.337,98.595,4.9655,98.425,0.4779,0.1964,1,0,0,0,0,1,0,0
222,23.756,0.244,98.983,3.5774,97.511,0.3864,0.6443,1,0,0,0,0,1,0,0
223,23.689,0.311,98.706,3.2636,97.053,0.553,0.6219,0,0,0,0,0,1,0,0
224,23.556,0.444,98.15,4.0133,99.258,0.2927,0.1455,1,0,0,0,0,1,0,0
225,23.726,0.274,98.858,4.9334,97.515,0.5495,0.8276,0,0,0,0,0,1,0,0
226,23.67,0.33,98.626,5.3491,98.284,0.3345,0.4023,0,0,0,0,0,1,0,0
227,24.0,0.0,100.0,4.1468,98.286,0.4121,0.3736,1,0,0,0,0,1,0,0
228,23.549,0.451,98.122,4.3795,95.124,0.4119,0.7753,0,0,0,0,0,1,0,0
229,23.693,0.307,98.721,4.5519,97.788,0.578,0.6072,2,0,0,0,0,1,0,0
230,23.601,0.399,98.336,4.7438,97.85,0.5216,0.3201,1,0,0,0,0,1,0,0
231,23.612,0.388,98.383,3.8277,96.487,0.5399,0.563,1,0,0,0,0,1,0,0
232,23.629,0.371,98.455,4.7906,97.437,0.5323,0.332,0,0,0,0,0,1,0,0
233,23.597,0.403,98.322,5.202,96.735,0.6726,0.3245,0,0,0,0,0,1,0,0
234,23.551,0.449,98.129,5.5326,98.839,0.5942,0.5793,1,0,0,0,0,1,0,0
235,23.798,0.202,99.158,4.6217,95.766,0.3924,0.3403,1,0,0,0,0,1,0,0
236,23.637,0.363,98.488,5.2496,96.712,0.7021,0.7005,2,0,0,0,0,1,0,0
237,23.596,0.404,98.317,4.6144,96.286,0.5238,1.1052,1,0,0,0,0,1,0,0
238,23.414,0.586,97.558,4.6677,97.563,0.5343,0.9777,1,0,0,0,0,1,0,0
239,23.387,0.613,97.445,4.1673,97.604,0.2643,0.5686,1,0,0,0,0,1,0,0
240,23.719,0.281,98.829,3.541,96.057,0.6995,0.6328,1,0,0,0,0,1,0,0
241,23.503,0.497,97.928,4.7857,98.057,0.6722,0.7856,1,0,0,0,0,1,0,0
242,23.512,0.488,97.966,4.6478,97.705,0.4384,0.5823,0,0,0,0,0,1,0,0
243,23.647,0.353,98.528,4.1327,94.414,0.7941,0.6895,2,0,0,0,0,1,0,0
244,23.492,0.508,97.885,3.3957,96.963,0.4413,0.5907,1,0,0,0,0,1,0,0
245,23.243,0.757,96.847,6.4238,95.249,0.492,0.4759,0,0,0,0,0,1,0,0
246,23.547,0.453,98.115,3.8234,94.034,0.4884,0.8142,1,0,0,0,0,1,0,0
247,23.548,0.452,98.117,5.082,96.19,0.6318,0.6102,1,0,0,0,0,1,0,0
248,23.559,0.441,98.163,5.0053,97.007,0.6718,1.1167,1,0,0,0,0,1,0,0
249,23.424,0.576,97.6,4.6461,97.827,0.8846,0.5165,1,0,0,0,0,1,0,0
250,23.417,0.583,97.569,4.9233,97.015,0.8613,0.7853,1,0,0,0,0,1,0,0
251,23.455,0.545,97.727,3.4607,95.87,0.6209,0.6429,2,0,0,0,0,1,0,0
252,23.649,0.351,98.539,4.5066,95.009,0.8497,0.7573,1,0,0,0,0,1,0,0
253,23.436,0.564,97.649,3.5242,96.47,0.7784,1.0699,0,0,0,0,0,1,0,0
254,23.286,0.714,97.024,6.246,97.086,0.7633,0.8706,0,0,0,0,0,1,0,0
255,23.331,0.669,97.214,4.7375,94.864,0.6873,1.0599,1,0,0,0,0,1,0,0
256,23.483,0.517,97.845,3.955,96.099,0.6996,1.1179,1,0,0,0,0,1,0,0
257,23.213,0.787,96.722,4.6557,95.637,0.8041,0.8602,1,0,0,0,0,1,0,0
258,23.204,0.796,96.682,6.4217,95.403,0.8094,0.7946,0,0,0,0,0,1,0,0
259,23.416,0.584,97.566,5.0416,94.894,0.9818,0.9068,1,0,0,0,0,1,0,0
260,23.348,0.652,97.283,3.8767,94.817,0.6934,0.7909,1,0,0,0,0,1,0,0
261,23.583,0.417,98.261,4.9014,95.49,0.6946,0.8351,1,0,0,0,0,1,0,0
262,23.352,0.648,97.301,2.9042,94.339,0.7096,0.7125,1,0,0,0,0,1,0,0
263,23.148,0.852,96.448,6.0058,93.617,1.0057,1.1589,1,0,0,0,0,1,0,0
264,23.332,0.668,97.218,4.81,95.54,0.854,0.9995,1,0,0,0,0,1,0,0
265,23.173,0.827,96.555,3.8588,93.975,0.8078,1.1512,1,0,0,0,0,1,0,0
266,23.359,0.641,97.329,4.8106,94.645,0.6877,1.0273,1,0,0,0,0,1,0,0
267,23.054,0.946,96.058,5.0819,94.719,1.0856,0.8112,1,0,0,0,0,1,0,0
268,23.244,0.756,96.85,3.6735,94.726,0.6551,1.1802,2,0,0,0,0,1,0,0
269,23.216,0.784,96.733,3.8435,94.105,1.1637,0.8767,1,0,0,0,0,1,0,0
270,23.1,0.9,96.249,3.7182,94.534,0.9046,0.8241,1,0,0,0,0,1,0,0
271,23.154,0.846,96.475,6.5799,95.725,1.0251,1.191,1,0,0,0,0,1,0,0
272,22.996,1.004,95.816,5.2122,95.325,0.9495,1.0672,2,0,0,0,0,1,0,0
273,23.07,0.93,96.127,4.9441,95.458,1.2874,0.967,1,0,0,0,0,1,0,0
274,23.137,0.863,96.404,3.6488,94.656,1.1161,0.8752,3,0,0,0,0,1,0,0
275,23.129,0.871,96.37,3.8866,96.214,1.0156,0.9702,1,0,0,0,0,1,0,0
276,23.089,0.911,96.206,3.1179,94.954,0.734,1.1241,2,0,0,0,0,1,0,0
277,23.014,0.986,95.893,5.25,95.508,0.8056,1.0541,1,0,0,0,0,1,0,0
278,23.089,0.911,96.205,4.3113,94.685,1.0817,1.0903,1,0,0,0,0,1,0,0
279,23.074,0.926,96.141,4.3701,92.804,1.0409,1.0944,2,0,0,0,0,1,0,0
280,23.15,0.85,96.457,4.4393,93.873,1.0797,1.298,1,0,0,0,0,1,0,0
281,23.185,0.815,96.603,2.83,95.926,1.2665,1.0088,3,0,0,0,0,1,0,0
282,22.952,1.048,95.635,2.9238,95.626,1.3471,1.6223,1,0,0,0,0,1,0,0
283,22.968,1.032,95.698,3.3037,95.695,0.9109,1.2555,1,0,0,0,0,1,0,0
284,22.959,1.041,95.663,5.4248,93.493,1.0184,1.3135,3,0,0,0,0,1,0,0
285,22.986,1.014,95.774,5.5423,95.207,1.0994,1.3441,2,0,0,0,0,1,0,0
286,23.006,0.994,95.859,4.9535,94.759,1.0038,1.1615,2,0,0,0,0,1,0,0
287,22.927,1.073,95.53,3.4566,94.328,0.8847,1.0842,1,0,0,0,0,1,0,0
288,23.126,0.874,96.359,3.4128,94.094,1.1347,1.1105,3,0,0,0,0,1,0,0
289,22.949,1.051,95.62,4.6195,94.217,0.9582,1.2772,2,0,0,0,0,1,0,0
290,23.102,0.898,96.259,5.2007,92.351,1.1697,1.0473,2,0,0,0,0,1,0,0
291,23.146,0.854,96.443,4.8994,94.357,1.0831,1.5581,2,0,0,0,0,1,0,0
292,23.155,0.845,96.48,4.0371,94.491,1.0718,0.9967,1,0,0,0,0,1,0,0
293,22.883,1.117,95.347,3.5293,93.221,1.1957,0.9854,2,0,0,0,0,1,0,0
294,22.967,1.033,95.696,5.598,93.752,1.2984,1.1474,0,0,0,0,0,1,0,0
295,22.936,1.064,95.567,5.501,96.33,1.071,1.2796,2,0,0,0,0,1,0,0
296,23.069,0.931,96.12,4.0147,93.59,0.9548,1.5287,2,0,0,0,0,1,0,0
297,22.752,1.248,94.801,3.8212,92.64,0.9126,1.2951,2,0,0,0,0,1,0,0
298,22.94,1.06,95.583,6.052,93.928,1.1364,1.4988,2,0,0,0,0,1,0,0
299,22.918,1.082,95.492,6.0872,94.905,1.3705,1.2032,4,0,0,0,0,1,0,0
300,22.739,1.261,94.747,4.1926,92.232,1.4838,1.3644,1,0,0,0,0,1,0,0
301,23.2,0.8,96.668,4.7036,93.939,1.4404,1.5147,1,0,0,0,0,1,0,0
55,24.0,0.0,100.0,21.2389,100.0,0.0902,0.2145,1,0,0,0,1,0,0,0
56,23.9,0.1,99.584,22.3898,97.917,0.05,0.05,0,0,0,0,1,0,0,0
57,24.0,0.0,100.0,22.3236,99.197,0.1887,0.3544,0,0,0,0,1,0,0,0
58,24.0,0.0,100.0,21.7849,98.124,0.2528,0.05,0,0,0,0,1,0,0,0
59,24.0,0.0,100.0,22.5062,99.126,0.3151,0.126,1,0,0,0,1,0,0,0
60,24.0,0.0,100.0,23.9419,99.357,0.2074,0.2623,1,0,0,0,1,0,0,0
61,24.0,0.0,100.0,22.2685,98.492,0.3944,0.3079,0,0,0,0,1,0,0,0
62,23.906,0.094,99.607,22.9845,97.738,0.2815,0.301,0,0,0,0,1,0,0,0
63,24.0,0.0,100.0,21.3951,97.07,0.192,0.1555,0,0,0,0,1,0,0,0
64,24.0,0.0,100.0,20.2271,97.173,0.1979,0.05,1,0,0,0,1,0,0,0
65,23.954,0.046,99.809,21.7721,98.553,0.2676,0.1088,0,0,0,0,1,0,0,0
66,23.934,0.066,99.725,22.6776,98.434,0.0643,0.3793,0,0,0,0,1,0,0,0
67,23.961,0.039,99.836,22.7997,99.341,0.1648,0.4172,0,0,0,0,1,0,0,0
68,23.899,0.101,99.579,22.2736,97.249,0.3713,0.312,0,0,0,0,1,0,0,0
69,23.959,0.041,99.831,22.0212,98.196,0.0677,0.4289,1,0,0,0,1,0,0,0
70,23.85,0.15,99.374,21.1762,99.408,0.05,0.3776,2,0,0,0,1,0,0,0
71,23.978,0.022,99.907,21.6636,98.38,0.05,0.05,1,0,0,0,1,0,0,0
72,23.982,0.018,99.924,21.5414,99.153,0.05,0.4016,1,0,0,0,1,0,0,0
73,24.0,0.0,100.0,21.3315,100.0,0.3465,0.05,0,0,0,0,1,0,0,0
74,23.844,0.156,99.352,21.3275,99.566,0.3024,0.05,0,0,0,0,1,0,0,0
75,24.0,0.0,100.0,23.9112,97.574,0.05,0.3798,0,0,0,0,1,0,0,0
76,23.731,0.269,98.879,22.7573,98.654,0.05,0.2019,0,0,0,0,1,0,0,0
77,24.0,0.0,100.0,22.059,97.582,0.215,0.0652,0,0,0,0,1,0,0,0
78,23.99,0.01,99.957,22.0041,98.242,0.05,0.0934,0,0,0,0,1,0,0,0
79,23.82,0.18,99.248,21.3315,98.844,0.5892,0.5113,0,0,0,0,1,0,0,0
80,24.0,0.0,100.0,22.2939,97.99,0.1326,0.2515,1,0,0,0,1,0,0,0
81,23.895,0.105,99.561,24.1999,98.727,0.0709,0.2282,0,0,0,0,1,0,0,0
82,23.856,0.144,99.4,22.6464,99.543,0.1219,0.1726,0,0,0,0,1,0,0,0
83,24.0,0.0,100.0,23.362,100.0,0.2687,0.0694,0,0,0,0,1,0,0,0
84,23.929,0.071,99.703,22.9984,98.047,0.05,0.3709,0,0,0,0,1,0,0,0
85,23.867,0.133,99.447,23.8326,99.678,0.1657,0.3077,0,0,0,0,1,0,0,0
86,23.874,0.126,99.474,21.7912,97.21,0.2079,0.05,0,0,0,0,1,0,0,0
87,23.789,0.211,99.119,24.4237,99.149,0.05,0.07,0,0,0,0,1,0,0,0
88,23.97,0.03,99.875,25.3902,97.642,0.1214,0.3693,0,0,0,0,1,0,0,0
89,23.98,0.02,99.916,23.713,99.246,0.1123,0.26,0,0,0,0,1,0,0,0
90,23.853,0.147,99.388,23.7672,99.367,0.05,0.4082,0,0,0,0,1,0,0,0
91,23.838,0.162,99.327,21.5675,99.247,0.1072,0.386,0,0,0,0,1,0,0,0
92,23.988,0.012,99.951,24.4339,98.171,0.3027,0.1923,0,0,0,0,1,0,0,0
93,24.0,0.0,100.0,22.9818,99.437,0.225,0.4309,0,0,0,0,1,0,0,0
94,23.666,0.334,98.608,24.49,99.052,0.1398,0.3319,0,0,0,0,1,0,0,0
95,23.818,0.182,99.241,24.3794,99.443,0.2841,0.5163,1,0,0,0,1,0,0,0
96,23.78,0.22,99.085,23.7441,98.397,0.2518,0.2394,1,0,0,0,1,0,0,0
97,23.846,0.154,99.36,24.4802,98.068,0.1014,0.3202,0,0,0,0,1,0,0,0
98,24.0,0.0,100.0,26.6205,99.901,0.3899,0.4536,0,0,0,0,1,0,0,0
99,23.87,0.13,99.46,24.6979,99.207,0.4152,0.3216,2,0,0,0,1,0,0,0
100,23.71,0.29,98.79,22.1609,100.0,0.2228,0.0892,1,0,0,0,1,0,0,0
101,23.924,0.076,99.685,22.4091,98.146,0.3535,0.2229,0,0,0,0,1,0,0,0
102,24.0,0.0,100.0,24.425,99.389,0.3993,0.3746,0,0,0,0,1,0,0,0
103,23.957,0.043,99.819,24.3134,98.515,0.1819,0.1732,1,0,0,0,1,0,0,0
104,23.832,0.168,99.3,24.5193,98.225,0.1788,0.3488,1,0,0,0,1,0,0,0
105,23.891,0.109,99.544,23.952,99.895,0.2122,0.1577,0,0,0,0,1,0,0,0
106,23.942,0.058,99.756,26.6511,98.924,0.05,0.3561,0,0,0,0,1,0,0,0
107,23.943,0.057,99.764,23.3563,99.188,0.1439,0.1513,0,0,0,0,1,0,0,0
108,23.98,0.02,99.918,26.1102,96.135,0.2335,0.2977,0,0,0,0,1,0,0,0
109,23.935,0.065,99.729,24.7445,97.404,0.2448,0.4278,0,0,0,0,1,0,0,0
110,23.857,0.143,99.404,25.8618,100.0,0.2081,0.3504,1,0,0,0,1,0,0,0
111,23.712,0.288,98.799,23.4078,99.437,0.3736,0.1399,0,0,0,0,1,0,0,0
112,24.0,0.0,100.0,26.4357,99.29,0.1514,0.2638,0,0,0,0,1,0,0,0
113,23.821,0.179,99.256,25.2501,99.902,0.1572,0.05,0,0,0,0,1,0,0,0
114,23.89,0.11,99.542,23.4142,100.0,0.3628,0.05,1,0,0,0,1,0,0,0
115,23.917,0.083,99.654,24.9752,98.395,0.05,0.0821,0,0,0,0,1,0,0,0
116,23.778,0.222,99.074,23.3828,98.394,0.2688,0.3554,0,0,0,0,1,0,0,0
117,24.0,0.0,100.0,26.7795,98.77,0.05,0.3432,0,0,0,0,1,0,0,0
118,23.86,0.14,99.415,25.0252,99.459,0.1657,0.26,0,0,0,0,1,0,0,0
119,23.985,0.015,99.938,24.9424,99.033,0.05,0.0868,0,0,0,0,1,0,0,0
120,24.0,0.0,100.0,26.2682,97.478,0.0547,0.05,1,0,0,0,1,0,0,0
121,23.769,0.231,99.038,27.451,98.062,0.2285,0.3628,0,0,0,0,1,0,0,0
122,24.0,0.0,100.0,24.0052,97.126,0.2057,0.5241,0,0,0,0,1,0,0,0
123,24.0,0.0,100.0,24.2824,99.18,0.1129,0.3374,1,0,0,0,1,0,0,0
124,23.705,0.295,98.771,28.3143,99.495,0.2773,0.0502,0,0,0,0,1,0,0,0
125,24.0,0.0,100.0,27.5835,98.785,0.2102,0.3577,0,0,0,0,1,0,0,0
126,23.856,0.144,99.399,23.8881,99.527,0.1578,0.2586,0,0,0,0,1,0,0,0
127,23.924,0.076,99.684,26.8691,96.845,0.2663,0.0731,1,0,0,0,1,0,0,0
128,23.941,0.059,99.756,23.8629,97.756,0.192,0.05,0,0,0,0,1,0,0,0
129,23.888,0.112,99.535,26.2205,99.526,0.1607,0.1585,0,0,0,0,1,0,0,0
130,23.921,0.079,99.673,26.0997,97.434,0.2791,0.1433,0,0,0,0,1,0,0,0
131,23.905,0.095,99.605,26.3485,99.027,0.2256,0.2123,0,0,0,0,1,0,0,0
132,23.949,0.051,99.786,24.2571,100.0,0.1223,0.2084,1,0,0,0,1,0,0,0
133,24.0,0.0,100.0,25.3228,97.378,0.2397,0.1825,0,0,0,0,1,0,0,0
134,24.0,0.0,100.0,26.8312,98.068,0.05,0.2905,0,0,0,0,1,0,0,0
135,23.821,0.179,99.255,27.5645,98.26,0.0829,0.05,0,0,0,0,1,0,0,0
136,23.954,0.046,99.81,24.8217,97.83,0.05,0.6677,0,0,0,0,1,0,0,0
137,24.0,0.0,100.0,26.8435,98.783,0.1522,0.05,0,0,0,0,1,0,0,0
138,23.831,0.169,99.298,26.411,99.671,0.05,0.1505,0,0,0,0,1,0,0,0
139,24.0,0.0,100.0,25.7631,98.176,0.1794,0.505,1,0,0,0,1,0,0,0
140,23.974,0.026,99.891,27.0059,99.823,0.3286,0.388,0,0,0,0,1,0,0,0
141,23.889,0.111,99.537,24.2941,98.828,0.0608,0.148,0,0,0,0,1,0,0,0
142,23.956,0.044,99.816,28.2413,100.0,0.1205,0.1758,1,0,0,0,1,0,0,0
143,23.76,0.24,99.0,25.9776,99.335,0.2903,0.4374,0,0,0,0,1,0,0,0
144,24.0,0.0,100.0,26.8409,99.888,0.0673,0.05,0,0,0,0,1,0,0,0
145,23.802,0.198,99.174,24.4045,99.25,0.1288,0.2133,0,0,0,0,1,0,0,0
146,23.926,0.074,99.691,25.6477,99.222,0.1079,0.2,1,0,0,0,1,0,0,0
147,23.972,0.028,99.882,25.1179,100.0,0.05,0.0824,0,0,0,0,1,0,0,0
148,24.0,0.0,100.0,23.7463,97.973,0.1388,0.4747,0,0,0,0,1,0,0,0
149,23.965,0.035,99.855,26.1111,99.773,0.0749,0.6412,1,0,0,0,1,0,0,0
150,24.0,0.0,100.0,26.4239,97.549,0.05,0.6287,1,0,0,0,1,0,0,0
151,24.0,0.0,100.0,26.0164,99.453,0.2935,0.3949,1,0,0,0,1,0,0,0
152,23.71,0.29,98.792,26.0087,98.632,0.2756,0.0982,1,0,0,0,1,0,0,0
153,24.0,0.0,100.0,25.5769,100.0,0.2557,0.3259,1,0,0,0,1,0,0,0
154,24.0,0.0,100.0,23.5905,99.813,0.1624,0.5504,0,0,0,0,1,0,0,0
155,23.971,0.029,99.879,23.9535,99.719,0.05,0.588,0,0,0,0,1,0,0,0
156,23.729,0.271,98.869,24.3966,99.899,0.1844,0.3002,0,0,0,0,1,0,0,0
157,24.0,0.0,100.0,24.7854,98.633,0.5995,0.5639,1,0,0,0,1,0,0,0
158,24.0,0.0,100.0,26.7741,98.399,0.1427,0.1142,0,0,0,0,1,0,0,0
159,24.0,0.0,100.0,26.7281,98.106,0.19,0.4489,0,0,0,0,1,0,0,0
160,23.941,0.059,99.754,25.3736,99.988,0.0839,0.2498,1,0,0,0,1,0,0,0
161,24.0,0.0,100.0,26.1855,100.0,0.1407,0.1735,1,0,0,0,1,0,0,0
162,23.96,0.04,99.835,25.3238,98.032,0.0821,0.226,0,0,0,0,1,0,0,0
163,23.833,0.167,99.306,26.6933,99.234,0.3181,0.2019,0,0,0,0,1,0,0,0
164,24.0,0.0,100.0,25.8446,98.954,0.1936,0.1921,0,0,0,0,1,0,0,0
165,23.927,0.073,99.695,24.2917,99.321,0.212,0.17,1,0,0,0,1,0,0,0
166,23.837,0.163,99.32,25.9632,98.827,0.2146,0.2447,1,0,0,0,1,0,0,0
167,21.926,2.074,91.356,25.4029,96.279,0.1536,0.2376,1,1,0,0,1,0,0,0
168,23.947,0.053,99.78,25.8804,99.451,0.05,0.1364,0,0,0,0,1,0,0,0
169,24.0,0.0,100.0,26.8497,99.583,0.15,0.4858,0,0,0,0,1,0,0,0
170,23.968,0.032,99.865,26.3088,99.868,0.3723,0.063,0,0,0,0,1,0,0,0
171,23.817,0.183,99.237,24.7683,99.961,0.3644,0.4852,0,0,0,0,1,0,0,0
172,23.877,0.123,99.489,27.4571,97.64,0.3835,0.5731,0,0,0,0,1,0,0,0
173,23.757,0.243,98.989,24.3919,98.904,0.314,0.6792,0,0,0,0,1,0,0,0
174,24.0,0.0,100.0,26.1737,100.0,0.1723,0.0899,1,0,0,0,1,0,0,0
175,24.0,0.0,100.0,25.1265,99.331,0.1376,0.4263,0,0,0,0,1,0,0,0
176,24.0,0.0,100.0,24.5202,98.905,0.05,0.3477,1,0,0,0,1,0,0,0
177,23.942,0.058,99.759,25.9158,100.0,0.0942,0.2702,1,0,0,0,1,0,0,0
178,23.845,0.155,99.354,25.6626,99.094,0.05,0.5966,1,0,0,0,1,0,0,0
179,23.901,0.099,99.586,26.143,96.693,0.2086,0.1778,0,0,0,0,1,0,0,0
180,24.0,0.0,100.0,24.7426,99.388,0.1191,0.2513,1,0,0,0,1,0,0,0
181,23.704,0.296,98.765,26.4888,98.624,0.3193,0.6394,0,0,0,0,1,0,0,0
182,24.0,0.0,100.0,24.0915,99.167,0.0823,0.05,1,0,0,0,1,0,0,0
183,24.0,0.0,100.0,23.3102,97.693,0.05,0.1058,0,0,0,0,1,0,0,0
184,24.0,0.0,100.0,25.0838,99.787,0.1535,0.0745,1,0,0,0,1,0,0,0
185,23.824,0.176,99.267,24.0717,99.103,0.2404,0.2283,0,0,0,0,1,0,0,0
186,24.0,0.0,100.0,23.1013,99.649,0.1557,0.2239,1,0,0,0,1,0,0,0
187,23.975,0.025,99.896,22.7572,99.216,0.05,0.1193,0,0,0,0,1,0,0,0
188,24.0,0.0,100.0,24.4294,98.292,0.05,0.2735,0,0,0,0,1,0,0,0
189,23.975,0.025,99.898,24.1671,99.354,0.4249,0.1476,1,0,0,0,1,0,0,0
190,24.0,0.0,100.0,25.4463,99.717,0.2656,0.2555,1,0,0,0,1,0,0,0
191,23.878,0.122,99.491,23.1512,98.2,0.0921,0.42,0,0,0,0,1,0,0,0
192,23.833,0.167,99.306,25.5405,98.186,0.2214,0.4296,0,0,0,0,1,0,0,0
193,23.97,0.03,99.875,25.0355,97.585,0.16,0.4515,1,0,0,0,1,0,0,0
194,23.964,0.036,99.85,23.4356,99.239,0.05,0.1522,0,0,0,0,1,0,0,0
195,23.869,0.131,99.456,25.6852,99.4,0.05,0.1894,0,0,0,0,1,0,0,0
196,24.0,0.0,100.0,24.1665,98.893,0.2075,0.4273,0,0,0,0,1,0,0,0
197,23.797,0.203,99.152,23.2295,100.0,0.1493,0.1393,0,0,0,0,1,0,0,0
198,24.0,0.0,100.0,23.4111,98.254,0.05,0.323,1,0,0,0,1,0,0,0
199,23.933,0.067,99.722,23.9452,99.839,0.05,0.2112,0,0,0,0,1,0,0,0
200,23.968,0.032,99.867,24.2706,96.62,0.3746,0.4429,0,0,0,0,1,0,0,0
201,24.0,0.0,100.0,25.091,98.457,0.0782,0.0768,0,0,0,0,1,0,0,0
202,23.996,0.004,99.985,24.5731,99.941,0.0671,0.2768,0,0,0,0,1,0,0,0
203,23.932,0.068,99.718,25.058,98.638,0.2379,0.1349,1,0,0,0,1,0,0,0
204,24.0,0.0,100.0,22.8385,100.0,0.3399,0.1312,0,0,0,0,1,0,0,0
205,24.0,0.0,100.0,23.0449,98.874,0.1899,0.1308,0,0,0,0,1,0,0,0
206,23.965,0.035,99.854,22.8898,100.0,0.05,0.5349,0,0,0,0,1,0,0,0
207,23.904,0.096,99.598,24.7689,100.0,0.0895,0.4248,0,0,0,0,1,0,0,0
208,23.915,0.085,99.648,25.018,97.902,0.1395,0.2548,0,0,0,0,1,0,0,0
209,24.0,0.0,100.0,22.87,98.51,0.094,0.1189,0,0,0,0,1,0,0,0
210,23.752,0.248,98.966,23.3113,99.973,0.2054,0.3621,0,0,0,0,1,0,0,0
211,24.0,0.0,100.0,22.9418,98.751,0.05,0.1289,1,0,0,0,1,0,0,0
212,23.946,0.054,99.775,21.9899,97.67,0.13,0.1386,1,0,0,0,1,0,0,0
213,23.955,0.045,99.814,25.0217,97.949,0.2841,0.1105,0,0,0,0,1,0,0,0
214,23.762,0.238,99.01,22.0632,97.422,0.05,0.342,0,0,0,0,1,0,0,0
215,24.0,0.0,100.0,23.8204,99.59,0.1557,0.128,0,0,0,0,1,0,0,0
216,24.0,0.0,100.0,23.1247,97.657,0.05,0.05,0,0,0,0,1,0,0,0
217,23.984,0.016,99.934,22.6912,100.0,0.2822,0.0588,0,0,0,0,1,0,0,0
218,23.706,0.294,98.775,21.2279,97.722,0.05,0.4924,0,0,0,0,1,0,0,0
219,24.0,0.0,100.0,21.2661,99.93,0.3367,0.1702,1,0,0,0,1,0,0,0
220,23.807,0.193,99.194,21.0901,98.039,0.1577,0.6737,0,0,0,0,1,0,0,0
221,23.967,0.033,99.864,23.0026,98.505,0.05,0.2289,0,0,0,0,1,0,0,0
222,24.0,0.0,100.0,23.8411,98.09,0.1395,0.2632,0,0,0,0,1,0,0,0
223,23.957,0.043,99.82,22.7826,98.999,0.05,0.1419,0,0,0,0,1,0,0,0
224,24.0,0.0,100.0,24.6103,98.694,0.05,0.2471,0,0,0,0,1,0,0,0
225,23.866,0.134,99.442,24.8441,99.105,0.05,0.3153,0,0,0,0,1,0,0,0
226,24.0,0.0,100.0,22.0058,97.713,0.1135,0.3048,1,0,0,0,1,0,0,0
227,24.0,0.0,100.0,20.7849,98.386,0.3027,0.5396,0,0,0,0,1,0,0,0
228,24.0,0.0,100.0,23.5587,97.937,0.4945,0.0615,1,0,0,0,1,0,0,0
229,23.97,0.03,99.875,22.2848,98.589,0.2324,0.325,0,0,0,0,1,0,0,0
230,23.905,0.095,99.605,20.3414,99.325,0.312,0.3535,0,0,0,0,1,0,0,0
231,23.985,0.015,99.939,20.9813,98.876,0.05,0.1526,0,0,0,0,1,0,0,0
232,23.921,0.079,99.673,19.4497,100.0,0.2051,0.3484,0,0,0,0,1,0,0,0
233,23.94,0.06,99.749,23.7977,99.522,0.0664,0.3366,0,0,0,0,1,0,0,0
234,23.934,0.066,99.724,22.0438,100.0,0.2249,0.2525,0,0,0,0,1,0,0,0
235,24.0,0.0,100.0,21.5763,98.184,0.2706,0.3295,0,0,0,0,1,0,0,0
236,23.733,0.267,98.889,20.6419,100.0,0.1366,0.4953,1,0,0,0,1,0,0,0
237,23.81,0.19,99.208,20.881,99.354,0.273,0.05,0,0,0,0,1,0,0,0
238,23.922,0.078,99.676,22.0319,99.605,0.05,0.1336,1,0,0,0,1,0,0,0
239,23.924,0.076,99.683,20.3586,97.108,0.0964,0.2888,0,0,0,0,1,0,0,0
240,23.867,0.133,99.448,19.1996,97.269,0.1842,0.3631,0,0,0,0,1,0,0,0
241,24.0,0.0,100.0,20.7348,99.992,0.05,0.2701,0,0,0,0,1,0,0,0
242,24.0,0.0,100.0,20.2713,99.565,0.2617,0.5039,0,0,0,0,1,0,0,0
243,23.815,0.185,99.23,19.7413,99.854,0.05,0.331,0,0,0,0,1,0,0,0
244,23.929,0.071,99.702,22.2801,100.0,0.3642,0.3206,0,0,0,0,1,0,0,0
245,23.829,0.171,99.289,20.7048,99.977,0.3923,0.2993,0,0,0,0,1,0,0,0
246,23.893,0.107,99.555,22.6236,100.0,0.05,0.3145,1,0,0,0,1,0,0,0
247,23.824,0.176,99.267,21.0021,97.456,0.2758,0.05,0,0,0,0,1,0,0,0
248,24.0,0.0,100.0,19.8027,100.0,0.2152,0.469,0,0,0,0,1,0,0,0
249,23.944,0.056,99.765,18.9601,100.0,0.05,0.2551,0,0,0,0,1,0,0,0
250,23.874,0.126,99.475,20.468,98.798,0.05,0.3445,0,0,0,0,1,0,0,0
251,23.931,0.069,99.711,20.7622,99.254,0.05,0.4382,0,0,0,0,1,0,0,0
252,24.0,0.0,100.0,19.4098,98.757,0.05,0.4572,0,0,0,0,1,0,0,0
253,23.821,0.179,99.254,18.9311,98.72,0.1273,0.05,0,0,0,0,1,0,0,0
254,23.818,0.182,99.241,18.378,98.261,0.292,0.05,0,0,0,0,1,0,0,0
255,23.941,0.059,99.753,18.4757,99.601,0.2611,0.5491,1,0,0,0,1,0,0,0
256,23.925,0.075,99.686,18.1391,99.558,0.05,0.4112,0,0,0,0,1,0,0,0
257,23.923,0.077,99.68,21.0565,98.527,0.3597,0.05,1,0,0,0,1,0,0,0
258,23.805,0.195,99.187,19.6597,97.661,0.1688,0.3953,0,0,0,0,1,0,0,0
259,24.0,0.0,100.0,18.684,98.597,0.457,0.0735,1,0,0,0,1,0,0,0
260,23.965,0.035,99.855,17.9395,99.416,0.05,0.2939,0,0,0,0,1,0,0,0
261,23.891,0.109,99.547,16.6729,98.921,0.3678,0.4715,0,0,0,0,1,0,0,0
262,23.753,0.247,98.971,20.6263,99.348,0.1236,0.35,0,0,0,0,1,0,0,0
263,23.971,0.029,99.879,19.2944,96.375,0.4137,0.4329,0,0,0,0,1,0,0,0
264,23.983,0.017,99.93,18.0689,97.566,0.05,0.2544,0,0,0,0,1,0,0,0
265,23.855,0.145,99.394,18.5731,99.751,0.05,0.2693,0,0,0,0,1,0,0,0
266,23.957,0.043,99.822,18.0685,98.53,0.05,0.4122,1,0,0,0,1,0,0,0
267,23.915,0.085,99.646,21.4198,98.435,0.05,0.3101,0,0,0,0,1,0,0,0
268,24.0,0.0,100.0,17.993,96.86,0.3149,0.4851,0,0,0,0,1,0,0,0
269,24.0,0.0,100.0,19.1917,99.293,0.05,0.1984,0,0,0,0,1,0,0,0
270,23.931,0.069,99.713,16.8404,98.131,0.05,0.2983,0,0,0,0,1,0,0,0
271,23.766,0.234,99.025,17.6909,98.915,0.222,0.2569,0,0,0,0,1,0,0,0
272,23.793,0.207,99.137,17.3728,97.564,0.0504,0.2394,0,0,0,0,1,0,0,0
273,23.797,0.203,99.155,19.1435,97.956,0.5165,0.3965,0,0,0,0,1,0,0,0
274,23.911,0.089,99.63,19.1189,100.0,0.05,0.3027,0,0,0,0,1,0,0,0
275,24.0,0.0,100.0,17.1416,97.314,0.05,0.1899,0,0,0,0,1,0,0,0
276,24.0,0.0,100.0,18.3318,100.0,0.3642,0.05,1,0,0,0,1,0,0,0
277,23.776,0.224,99.068,18.4612,98.802,0.1195,0.3285,0,0,0,0,1,0,0,0
278,24.0,0.0,100.0,18.4545,99.316,0.3001,0.1555,0,0,0,0,1,0,0,0
279,21.867,2.133,91.113,18.1796,96.697,0.2272,0.5494,0,1,0,0,1,0,0,0
280,23.85,0.15,99.373,16.4925,99.147,0.05,0.05,1,0,0,0,1,0,0,0
281,24.0,0.0,100.0,17.7791,98.106,0.1737,0.2792,0,0,0,0,1,0,0,0
282,24.0,0.0,100.0,20.7667,99.686,0.3352,0.05,0,0,0,0,1,0,0,0
283,24.0,0.0,100.0,16.215,99.343,0.2184,0.4066,0,0,0,0,1,0,0,0
284,23.964,0.036,99.848,15.1913,99.03,0.05,0.2488,0,0,0,0,1,0,0,0
285,24.0,0.0,100.0,18.8101,100.0,0.3992,0.2668,0,0,0,0,1,0,0,0
286,24.0,0.0,100.0,15.9302,99.904,0.2999,0.215,0,0,0,0,1,0,0,0
287,24.0,0.0,100.0,17.9327,98.325,0.05,0.3531,0,0,0,0,1,0,0,0
288,23.991,0.009,99.964,18.0903,98.898,0.0922,0.233,1,0,0,0,1,0,0,0
289,24.0,0.0,100.0,15.8527,99.001,0.05,0.3277,1,0,0,0,1,0,0,0
290,23.986,0.014,99.943,17.6775,100.0,0.4133,0.05,0,0,0,0,1,0,0,0
291,23.932,0.068,99.716,18.5374,98.885,0.1908,0.3425,0,0,0,0,1,0,0,0
292,23.733,0.267,98.887,16.9212,96.847,0.0642,0.3906,0,0,0,0,1,0,0,0
293,24.0,0.0,100.0,16.8363,98.742,0.05,0.3116,0,0,0,0,1,0,0,0
294,24.0,0.0,100.0,16.2156,98.582,0.1313,0.6404,0,0,0,0,1,0,0,0
295,23.911,0.089,99.631,14.597,98.312,0.2209,0.305,0,0,0,0,1,0,0,0
296,24.0,0.0,100.0,18.0455,97.388,0.3424,0.2508,0,0,0,0,1,0,0,0
297,23.974,0.026,99.891,15.5422,98.052,0.05,0.3338,0,0,0,0,1,0,0,0
298,23.842,0.158,99.343,18.0937,99.519,0.1193,0.1751,1,0,0,0,1,0,0,0
299,24.0,0.0,100.0,16.9279,100.0,0.2933,0.1793,0,0,0,0,1,0,0,0
300,24.0,0.0,100.0,17.1517,98.434,0.1387,0.2978,1,0,0,0,1,0,0,0
301,23.94,0.06,99.75,16.2157,97.806,0.05,0.275,0,0,0,0,1,0,0,0
302,23.886,0.114,99.527,16.1952,98.143,0.2459,0.3339,0,0,0,0,1,0,0,0
303,24.0,0.0,100.0,18.6084,98.279,0.0927,0.24,0,0,0,0,1,0,0,0
304,23.94,0.06,99.751,16.9509,99.304,0.2594,0.4991,0,0,0,0,1,0,0,0
305,23.926,0.074,99.693,16.856,99.038,0.2325,0.5494,1,0,0,0,1,0,0,0
306,24.0,0.0,100.0,16.3986,99.871,0.249,0.3728,0,0,0,0,1,0,0,0
307,23.927,0.073,99.695,15.6483,98.124,0.2335,0.1241,0,0,0,0,1,0,0,0
308,23.99,0.01,99.959,14.7722,99.863,0.05,0.05,0,0,0,0,1,0,0,0
309,24.0,0.0,100.0,15.6977,100.0,0.4095,0.3434,1,0,0,0,1,0,0,0
310,24.0,0.0,100.0,16.3066,98.502,0.1877,0.1509,0,0,0,0,1,0,0,0
311,24.0,0.0,100.0,15.9045,99.184,0.4467,0.6043,0,0,0,0,1,0,0,0
312,23.88,0.12,99.498,16.3769,99.005,0.1433,0.2369,0,0,0,0,1,0,0,0
313,23.996,0.004,99.982,15.5558,100.0,0.253,0.2827,0,0,0,0,1,0,0,0
314,24.0,0.0,100.0,18.0727,99.033,0.1112,0.3186,1,0,0,0,1,0,0,0
315,23.743,0.257,98.929,15.49,100.0,0.05,0.2653,0,0,0,0,1,0,0,0
316,23.914,0.086,99.642,17.0162,98.925,0.0698,0.4748,1,0,0,0,1,0,0,0
317,24.0,0.0,100.0,16.9486,98.668,0.1276,0.0599,0,0,0,0,1,0,0,0
318,23.946,0.054,99.773,17.7893,99.309,0.3779,0.1876,0,0,0,0,1,0,0,0
319,24.0,0.0,100.0,17.0907,99.356,0.1419,0.194,0,0,0,0,1,0,0,0
320,23.983,0.017,99.93,16.014,99.066,0.3405,0.2532,0,0,0,0,1,0,0,0
321,24.0,0.0,100.0,15.3635,100.0,0.092,0.05,1,0,0,0,1,0,0,0
322,23.746,0.254,98.94,15.8986,100.0,0.1697,0.4077,0,0,0,0,1,0,0,0
323,23.789,0.211,99.122,17.7848,98.419,0.05,0.1379,0,0,0,0,1,0,0,0
324,23.83,0.17,99.29,14.9276,96.726,0.1619,0.4256,0,0,0,0,1,0,0,0
325,23.857,0.143,99.405,15.0399,98.572,0.3118,0.7599,0,0,0,0,1,0,0,0
326,23.917,0.083,99.654,14.4822,99.192,0.1443,0.4332,0,0,0,0,1,0,0,0
327,23.927,0.073,99.697,15.7142,98.273,0.1342,0.1267,0,0,0,0,1,0,0,0
328,23.809,0.191,99.205,15.5411,98.536,0.1399,0.3866,0,0,0,0,1,0,0,0
329,24.0,0.0,100.0,16.1934,98.035,0.05,0.3372,0,0,0,0,1,0,0,0
330,23.937,0.063,99.739,14.481,100.0,0.1594,0.4123,0,0,0,0,1,0,0,0
331,23.88,0.12,99.499,15.0994,98.79,0.3508,0.1497,1,0,0,0,1,0,0,0
332,24.0,0.0,100.0,15.2373,98.979,0.1493,0.3615,0,0,0,0,1,0,0,0
333,23.965,0.035,99.854,14.2325,97.413,0.05,0.1991,0,0,0,0,1,0,0,0
334,23.991,0.009,99.965,15.4133,98.236,0.2264,0.1534,1,0,0,0,1,0,0,0
335,24.0,0.0,100.0,14.4671,99.091,0.0952,0.3435,0,0,0,0,1,0,0,0
336,24.0,0.0,100.0,15.4901,99.902,0.3335,0.1721,1,0,0,0,1,0,0,0
337,23.9,0.1,99.583,14.6878,98.169,0.2076,0.2428,0,0,0,0,1,0,0,0
338,23.925,0.075,99.689,17.1252,97.269,0.3315,0.8207,0,0,0,0,1,0,0,0
339,23.919,0.081,99.662,16.0954,98.284,0.0976,0.2756,1,0,0,0,1,0,0,0
340,24.0,0.0,100.0,17.7597,100.0,0.3102,0.2087,0,0,0,0,1,0,0,0
341,23.711,0.289,98.798,14.513,96.835,0.2058,0.4178,0,0,0,0,1,0,0,0
342,23.877,0.123,99.486,16.7001,96.71,0.6188,0.2429,0,0,0,0,1,0,0,0
343,23.682,0.318,98.675,16.1838,98.535,0.05,0.4833,0,0,0,0,1,0,0,0
344,23.775,0.225,99.063,17.8954,99.02,0.2446,0.5158,0,0,0,0,1,0,0,0
345,23.914,0.086,99.642,15.3688,97.449,0.2639,0.3799,1,0,0,0,1,0,0,0
346,23.696,0.304,98.732,14.0243,97.435,0.2179,0.3437,1,0,0,0,1,0,0,0
20,23.648,0.352,98.531,18.5431,100.0,0.2829,0.1869,1,0,1,0,0,0,0,0
21,24.0,0.0,100.0,18.4935,98.176,0.0813,0.357,0,0,1,0,0,0,0,0
22,23.993,0.007,99.971,21.8249,100.0,0.05,0.3373,1,0,1,0,0,0,0,0
23,23.965,0.035,99.854,17.8751,100.0,0.05,0.0657,0,0,1,0,0,0,0,0
24,24.0,0.0,100.0,13.8963,96.863,0.1564,0.0694,0,0,1,0,0,0,0,0
25,23.935,0.065,99.729,16.9038,97.089,0.05,0.1938,0,0,1,0,0,0,0,0
26,24.0,0.0,100.0,21.9767,98.204,0.0525,0.3554,1,0,1,0,0,0,0,0
27,23.903,0.097,99.594,16.9132,99.322,0.3591,0.05,2,0,1,0,0,0,0,0
28,23.97,0.03,99.876,14.3715,98.678,0.132,0.2056,0,0,1,0,0,0,0,0
29,23.909,0.091,99.623,19.2066,98.689,0.0849,0.1746,0,0,1,0,0,0,0,0
30,24.0,0.0,100.0,18.8732,99.002,0.1329,0.0718,0,0,1,0,0,0,0,0
31,23.82,0.18,99.249,18.115,98.889,0.1384,0.374,1,0,1,0,0,0,0,0
32,24.0,0.0,100.0,17.6482,100.0,0.05,0.2179,1,0,1,0,0,0,0,0
33,23.991,0.009,99.962,17.8957,99.378,0.2077,0.2485,0,0,1,0,0,0,0,0
34,23.944,0.056,99.767,20.3224,98.571,0.05,0.3395,0,0,1,0,0,0,0,0
35,23.923,0.077,99.681,20.531,100.0,0.05,0.2159,0,0,1,0,0,0,0,0
36,23.991,0.009,99.963,21.6174,98.038,0.052,0.1525,0,0,1,0,0,0,0,0
37,24.0,0.0,100.0,18.1509,99.09,0.2095,0.1683,0,0,1,0,0,0,0,0
38,23.978,0.022,99.91,18.7252,98.57,0.05,0.3079,0,0,1,0,0,0,0,0
39,24.0,0.0,100.0,18.8194,98.381,0.116,0.191,0,0,1,0,0,0,0,0
40,23.873,0.127,99.469,22.468,98.242,0.4164,0.1484,0,0,1,0,0,0,0,0
41,23.987,0.013,99.945,16.3205,98.706,0.3401,0.3417,0,0,1,0,0,0,0,0
42,23.759,0.241,98.997,16.7605,98.815,0.0691,0.272,0,0,1,0,0,0,0,0
43,23.858,0.142,99.408,23.6466,98.835,0.1374,0.1448,0,0,1,0,0,0,0,0
44,23.874,0.126,99.473,18.0855,96.716,0.05,0.2503,1,0,1,0,0,0,0,0
45,23.748,0.252,98.952,15.468,98.322,0.1696,0.4882,0,0,1,0,0,0,0,0
46,23.792,0.208,99.135,19.9289,100.0,0.1798,0.05,1,0,1,0,0,0,0,0
47,24.0,0.0,100.0,19.042,99.733,0.1935,0.05,1,0,1,0,0,0,0,0
48,23.783,0.217,99.095,24.3902,100.0,0.05,0.6381,0,0,1,0,0,0,0,0
49,23.756,0.244,98.983,20.1048,98.555,0.3608,0.1304,0,0,1,0,0,0,0,0
50,23.907,0.093,99.612,14.0866,99.488,0.05,0.4096,0,0,1,0,0,0,0,0
51,23.939,0.061,99.747,22.5176,100.0,0.1268,0.05,0,0,1,0,0,0,0,0
52,24.0,0.0,100.0,11.8497,99.296,0.0615,0.4805,1,0,1,0,0,0,0,0
53,23.85,0.15,99.376,16.1596,97.899,0.072,0.1662,0,0,1,0,0,0,0,0
54,23.89,0.11,99.543,16.6686,98.23,0.2317,0.0517,0,0,1,0,0,0,0,0
55,24.0,0.0,100.0,14.6306,100.0,0.2397,0.205,0,0,1,0,0,0,0,0
56,24.0,0.0,100.0,21.0999,99.58,0.0586,0.0567,0,0,1,0,0,0,0,0
57,24.0,0.0,100.0,19.0951,100.0,0.2632,0.3729,0,0,1,0,0,0,0,0
58,23.951,0.049,99.795,16.2245,98.079,0.05,0.499,0,0,1,0,0,0,0,0
59,24.0,0.0,100.0,19.105,98.719,0.05,0.3215,0,0,1,0,0,0,0,0
60,24.0,0.0,100.0,18.7703,99.808,0.05,0.3779,0,0,1,0,0,0,0,0
61,23.683,0.317,98.678,18.2491,98.741,0.2045,0.4606,0,0,1,0,0,0,0,0
62,24.0,0.0,100.0,15.4935,96.319,0.2945,0.187,1,0,1,0,0,0,0,0
63,24.0,0.0,100.0,12.1935,99.559,0.0606,0.114,0,0,1,0,0,0,0,0
64,23.763,0.237,99.014,12.0308,98.475,0.05,0.2034,0,0,1,0,0,0,0,0
65,23.665,0.335,98.604,15.8276,97.84,0.05,0.1016,0,0,1,0,0,0,0,0
66,24.0,0.0,100.0,12.2302,98.513,0.4316,0.1617,0,0,1,0,0,0,0,0
67,23.875,0.125,99.479,12.2926,98.202,0.3209,0.4186,1,0,1,0,0,0,0,0
68,23.942,0.058,99.758,21.6245,98.558,0.3641,0.3486,0,0,1,0,0,0,0,0
69,24.0,0.0,100.0,19.3174,100.0,0.05,0.2243,0,0,1,0,0,0,0,0
70,24.0,0.0,100.0,19.4499,99.517,0.05,0.05,0,0,1,0,0,0,0,0
71,24.0,0.0,100.0,16.8679,99.564,0.2176,0.2801,0,0,1,0,0,0,0,0
72,24.0,0.0,100.0,15.2847,98.699,0.1867,0.1296,0,0,1,0,0,0,0,0
73,23.891,0.109,99.544,15.2213,98.265,0.2905,0.2383,0,0,1,0,0,0,0,0
74,24.0,0.0,100.0,19.3485,98.524,0.05,0.5503,0,0,1,0,0,0,0,0
75,24.0,0.0,100.0,15.5933,100.0,0.3788,0.1747,0,0,1,0,0,0,0,0
76,23.895,0.105,99.563,15.0905,98.351,0.0896,0.05,0,0,1,0,0,0,0,0
77,24.0,0.0,100.0,17.7355,98.541,0.1201,0.1134,1,0,1,0,0,0,0,0
78,23.892,0.108,99.549,20.089,98.419,0.2773,0.5033,1,0,1,0,0,0,0,0
79,23.976,0.024,99.901,19.2163,98.942,0.1785,0.3867,0,0,1,0,0,0,0,0
80,24.0,0.0,100.0,19.281,96.636,0.1815,0.5403,0,0,1,0,0,0,0,0
81,23.786,0.214,99.109,20.2572,99.825,0.05,0.165,0,0,1,0,0,0,0,0
82,23.992,0.008,99.968,11.4241,98.666,0.05,0.05,1,0,1,0,0,0,0,0
83,23.96,0.04,99.832,14.9045,99.812,0.05,0.3945,0,0,1,0,0,0,0,0
84,23.842,0.158,99.343,20.5642,100.0,0.109,0.118,0,0,1,0,0,0,0,0
85,24.0,0.0,99.999,16.3914,99.954,0.1743,0.3825,0,0,1,0,0,0,0,0
86,23.853,0.147,99.387,17.6445,99.898,0.0649,0.2364,0,0,1,0,0,0,0,0
87,24.0,0.0,100.0,17.5197,99.621,0.1473,0.464,1,0,1,0,0,0,0,0
88,24.0,0.0,100.0,11.7451,99.236,0.05,0.198,0,0,1,0,0,0,0,0
89,23.971,0.029,99.879,16.9916,98.14,0.2308,0.235,0,0,1,0,0,0,0,0
90,23.983,0.017,99.928,16.9152,97.654,0.2756,0.4586,0,0,1,0,0,0,0,0
91,23.872,0.128,99.467,19.9013,96.136,0.05,0.2002,0,0,1,0,0,0,0,0
92,24.0,0.0,100.0,20.6901,98.964,0.1129,0.05,0,0,1,0,0,0,0,0
93,23.997,0.003,99.987,16.4331,98.139,0.05,0.3995,0,0,1,0,0,0,0,0
94,24.0,0.0,100.0,15.7957,98.846,0.3645,0.4499,2,0,1,0,0,0,0,0
95,24.0,0.0,100.0,18.5867,100.0,0.2166,0.3032,1,0,1,0,0,0,0,0
96,24.0,0.0,100.0,20.7556,100.0,0.05,0.2995,0,0,1,0,0,0,0,0
97,24.0,0.0,100.0,22.5255,99.714,0.1529,0.2544,1,0,1,0,0,0,0,0
98,23.857,0.143,99.405,18.1049,98.677,0.384,0.1458,0,0,1,0,0,0,0,0
99,23.8,0.2,99.168,21.9514,97.323,0.05,0.1598,0,0,1,0,0,0,0,0
100,23.821,0.179,99.253,16.4137,100.0,0.2123,0.2896,1,0,1,0,0,0,0,0
101,23.995,0.005,99.978,19.6038,97.946,0.05,0.2908,0,0,1,0,0,0,0,0
102,24.0,0.0,100.0,15.0,98.835,0.3964,0.6108,0,0,1,0,0,0,0,0
103,23.883,0.117,99.514,17.9385,99.519,0.1502,0.0929,0,0,1,0,0,0,0,0
104,24.0,0.0,100.0,14.5092,98.449,0.05,0.1944,2,0,1,0,0,0,0,0
105,23.985,0.015,99.937,20.3699,99.398,0.05,0.05,0,0,1,0,0,0,0,0
106,23.996,0.004,99.981,20.5551,100.0,0.05,0.3304,0,0,1,0,0,0,0,0
107,24.0,0.0,100.0,15.8114,97.655,0.2842,0.314,0,0,1,0,0,0,0,0
108,23.775,0.225,99.062,16.9823,97.52,0.05,0.3933,1,0,1,0,0,0,0,0
109,23.77,0.23,99.04,21.6081,98.905,0.2546,0.2263,0,0,1,0,0,0,0,0
110,23.759,0.241,98.997,17.8156,98.614,0.2049,0.3079,0,0,1,0,0,0,0,0
111,23.997,0.003,99.989,20.617,98.669,0.1838,0.3998,0,0,1,0,0,0,0,0
112,23.929,0.071,99.704,16.6992,98.505,0.1243,0.0773,0,0,1,0,0,0,0,0
113,23.876,0.124,99.485,20.4164,100.0,0.315,0.5831,0,0,1,0,0,0,0,0
114,23.933,0.067,99.722,17.9893,98.468,0.05,0.2346,1,0,1,0,0,0,0,0
115,24.0,0.0,100.0,18.7128,98.414,0.2667,0.5007,0,0,1,0,0,0,0,0
116,23.886,0.114,99.524,23.5918,98.354,0.1041,0.3689,0,0,1,0,0,0,0,0
117,23.844,0.156,99.352,19.1829,98.775,0.05,0.4477,1,0,1,0,0,0,0,0
118,23.878,0.122,99.491,18.5146,98.408,0.2301,0.2314,1,0,1,0,0,0,0,0
119,23.886,0.114,99.527,14.8117,97.527,0.1486,0.2817,0,0,1,0,0,0,0,0
120,23.995,0.005,99.98,11.9883,98.977,0.0734,0.2804,0,0,1,0,0,0,0,0
121,23.746,0.254,98.941,16.221,98.627,0.05,0.3446,0,0,1,0,0,0,0,0
122,23.989,0.011,99.953,13.9272,98.259,0.1649,0.2922,0,0,1,0,0,0,0,0
123,23.858,0.142,99.407,19.6148,99.852,0.05,0.05,0,0,1,0,0,0,0,0
124,23.821,0.179,99.254,16.0083,99.454,0.326,0.3752,0,0,1,0,0,0,0,0
125,23.865,0.135,99.438,17.8101,99.882,0.0976,0.0793,0,0,1,0,0,0,0,0
126,23.821,0.179,99.255,22.2654,97.94,0.05,0.2503,1,0,1,0,0,0,0,0
127,23.915,0.085,99.646,13.7657,99.724,0.05,0.1131,0,0,1,0,0,0,0,0
128,23.988,0.012,99.951,16.5952,99.602,0.05,0.05,0,0,1,0,0,0,0,0
129,24.0,0.0,100.0,15.4183,99.37,0.3166,0.2971,1,0,1,0,0,0,0,0
130,23.873,0.127,99.473,16.025,99.49,0.05,0.3216,0,0,1,0,0,0,0,0
131,24.0,0.0,100.0,19.5952,97.705,0.184,0.4338,1,0,1,0,0,0,0,0
132,23.924,0.076,99.682,22.1994,99.26,0.3655,0.0878,0,0,1,0,0,0,0,0
133,24.0,0.0,100.0,16.2598,98.835,0.1156,0.3953,1,0,1,0,0,0,0,0
134,24.0,0.0,100.0,19.8062,99.27,0.05,0.5074,0,0,1,0,0,0,0,0
135,24.0,0.0,100.0,19.8892,100.0,0.0853,0.05,0,0,1,0,0,0,0,0
136,23.884,0.116,99.519,21.0689,99.474,0.2975,0.2357,0,0,1,0,0,0,0,0
137,23.848,0.152,99.365,21.4896,98.386,0.0927,0.05,1,0,1,0,0,0,0,0
138,23.999,0.001,99.994,19.269,97.659,0.0739,0.452,0,0,1,0,0,0,0,0
139,22.085,1.915,92.019,14.3697,96.538,0.0706,0.2702,0,1,1,0,0,0,0,0
140,23.839,0.161,99.329,14.6972,97.822,0.05,0.27,0,0,1,0,0,0,0,0
141,24.0,0.0,100.0,24.9789,99.162,0.1654,0.0845,1,0,1,0,0,0,0,0
142,23.851,0.149,99.381,22.3099,100.0,0.05,0.2883,0,0,1,0,0,0,0,0
143,24.0,0.0,100.0,16.9587,98.617,0.3672,0.2807,0,0,1,0,0,0,0,0
144,23.738,0.262,98.908,19.3622,97.672,0.071,0.3475,1,0,1,0,0,0,0,0
145,23.65,0.35,98.541,16.6112,97.853,0.1247,0.2751,1,0,1,0,0,0,0,0
146,23.819,0.181,99.247,20.4335,98.893,0.0872,0.2273,0,0,1,0,0,0,0,0
147,24.0,0.0,100.0,21.751,97.814,0.241,0.1418,0,0,1,0,0,0,0,0
148,23.95,0.05,99.79,17.0458,97.417,0.0951,0.2094,1,0,1,0,0,0,0,0
149,24.0,0.0,100.0,21.0556,98.018,0.2117,0.1759,0,0,1,0,0,0,0,0
150,23.791,0.209,99.131,21.1867,98.36,0.2366,0.4031,1,0,1,0,0,0,0,0
151,23.884,0.116,99.515,15.1311,100.0,0.3841,0.1439,0,0,1,0,0,0,0,0
152,24.0,0.0,100.0,23.0701,100.0,0.2176,0.5135,0,0,1,0,0,0,0,0
153,24.0,0.0,100.0,21.0495,100.0,0.1011,0.2888,1,0,1,0,0,0,0,0
154,23.934,0.066,99.724,17.0507,100.0,0.05,0.3217,0,0,1,0,0,0,0,0
155,23.973,0.027,99.887,16.0153,99.894,0.143,0.4785,0,0,1,0,0,0,0,0
156,23.992,0.008,99.965,17.4939,98.685,0.05,0.2089,0,0,1,0,0,0,0,0
157,23.811,0.189,99.212,20.7481,100.0,0.0615,0.05,0,0,1,0,0,0,0,0
158,23.977,0.023,99.904,13.7486,98.316,0.2547,0.3325,1,0,1,0,0,0,0,0
159,23.907,0.093,99.611,17.6772,99.077,0.1004,0.2869,0,0,1,0,0,0,0,0
160,23.853,0.147,99.387,17.0931,99.299,0.4491,0.1654,0,0,1,0,0,0,0,0
161,23.863,0.137,99.429,14.5805,98.559,0.1711,0.231,0,0,1,0,0,0,0,0
162,23.846,0.154,99.358,20.5808,99.733,0.2976,0.129,0,0,1,0,0,0,0,0
163,24.0,0.0,100.0,20.9846,99.458,0.05,0.0742,0,0,1,0,0,0,0,0
164,23.813,0.187,99.22,18.4514,100.0,0.3289,0.1498,0,0,1,0,0,0,0,0
165,23.925,0.075,99.687,23.4072,99.149,0.192,0.4693,0,0,1,0,0,0,0,0
166,23.985,0.015,99.938,22.6703,99.303,0.1126,0.4646,0,0,1,0,0,0,0,0
167,24.0,0.0,100.0,16.5434,99.289,0.05,0.05,0,0,1,0,0,0,0,0
168,24.0,0.0,100.0,14.8,100.0,0.05,0.2979,1,0,1,0,0,0,0,0
169,23.999,0.001,99.994,17.6313,98.381,0.2816,0.0552,0,0,1,0,0,0,0,0
170,24.0,0.0,100.0,15.7253,99.772,0.1784,0.4505,0,0,1,0,0,0,0,0
171,24.0,0.0,100.0,20.783,98.287,0.05,0.2297,2,0,1,0,0,0,0,0
172,24.0,0.0,100.0,17.2168,100.0,0.1485,0.3966,0,0,1,0,0,0,0,0
173,23.79,0.21,99.125,14.8641,99.054,0.05,0.4227,0,0,1,0,0,0,0,0
174,23.888,0.112,99.533,11.3184,97.506,0.3665,0.1595,1,0,1,0,0,0,0,0
175,23.901,0.099,99.588,17.7968,99.26,0.3504,0.05,0,0,1,0,0,0,0,0
176,24.0,0.0,100.0,22.9366,97.449,0.0939,0.05,1,0,1,0,0,0,0,0
177,23.987,0.013,99.946,20.1684,100.0,0.3235,0.05,0,0,1,0,0,0,0,0
178,24.0,0.0,100.0,17.0906,98.063,0.3107,0.05,1,0,1,0,0,0,0,0
179,23.967,0.033,99.862,11.1304,99.273,0.2961,0.1197,1,0,1,0,0,0,0,0
180,23.809,0.191,99.205,19.6902,98.381,0.05,0.0975,0,0,1,0,0,0,0,0
181,23.801,0.199,99.17,15.1495,99.472,0.05,0.1631,1,0,1,0,0,0,0,0
182,23.897,0.103,99.571,23.1835,98.838,0.1898,0.2974,0,0,1,0,0,0,0,0
183,23.872,0.128,99.467,12.7079,97.703,0.2551,0.3852,0,0,1,0,0,0,0,0
184,24.0,0.0,100.0,16.835,99.911,0.2349,0.1502,0,0,1,0,0,0,0,0
185,23.902,0.098,99.593,20.1597,100.0,0.1918,0.2322,1,0,1,0,0,0,0,0
186,24.0,0.0,100.0,20.5302,98.678,0.05,0.2364,0,0,1,0,0,0,0,0
187,23.833,0.167,99.303,19.4614,99.346,0.2323,0.05,0,0,1,0,0,0,0,0
188,24.0,0.0,100.0,15.751,100.0,0.05,0.2803,0,0,1,0,0,0,0,0
189,23.932,0.068,99.717,14.8796,99.712,0.05,0.05,0,0,1,0,0,0,0,0
190,23.864,0.136,99.435,12.6878,98.224,0.2551,0.0682,0,0,1,0,0,0,0,0
191,24.0,0.0,100.0,17.5712,99.643,0.2993,0.1818,0,0,1,0,0,0,0,0
192,23.993,0.007,99.97,14.5786,98.054,0.3018,0.1811,0,0,1,0,0,0,0,0
193,23.964,0.036,99.851,16.9759,99.74,0.1472,0.05,0,0,1,0,0,0,0,0
194,24.0,0.0,100.0,21.2466,99.469,0.2389,0.4207,0,0,1,0,0,0,0,0
195,23.96,0.04,99.831,17.8931,97.33,0.05,0.339,0,0,1,0,0,0,0,0
196,23.997,0.003,99.986,21.6112,99.986,0.05,0.05,0,0,1,0,0,0,0,0
197,23.914,0.086,99.643,22.5886,99.651,0.294,0.05,1,0,1,0,0,0,0,0
198,23.887,0.113,99.528,16.9062,99.222,0.0732,0.05,0,0,1,0,0,0,0,0
199,23.807,0.193,99.197,17.1169,99.852,0.05,0.3779,0,0,1,0,0,0,0,0
200,24.0,0.0,100.0,19.4518,99.303,0.3392,0.4078,1,0,1,0,0,0,0,0
201,23.901,0.099,99.588,13.9663,97.769,0.1418,0.336,0,0,1,0,0,0,0,0
202,23.878,0.122,99.492,13.3284,99.353,0.3944,0.05,0,0,1,0,0,0,0,0
203,23.994,0.006,99.973,18.0055,99.132,0.1039,0.301,0,0,1,0,0,0,0,0
204,23.921,0.079,99.67,16.0553,98.465,0.3372,0.454,0,0,1,0,0,0,0,0
205,24.0,0.0,100.0,18.9476,99.358,0.2636,0.62,0,0,1,0,0,0,0,0
206,23.852,0.148,99.384,21.3091,98.455,0.05,0.4087,0,0,1,0,0,0,0,0
207,23.989,0.011,99.954,22.441,99.68,0.05,0.2519,0,0,1,0,0,0,0,0
208,24.0,0.0,100.0,13.0915,99.082,0.21,0.05,0,0,1,0,0,0,0,0
209,23.909,0.091,99.622,20.8538,96.923,0.099,0.05,0,0,1,0,0,0,0,0
210,23.874,0.126,99.476,16.0118,98.203,0.05,0.5795,0,0,1,0,0,0,0,0
211,23.725,0.275,98.854,18.3762,99.111,0.436,0.2373,0,0,1,0,0,0,0,0
212,24.0,0.0,100.0,11.8216,100.0,0.2704,0.099,1,0,1,0,0,0,0,0
213,23.896,0.104,99.565,18.9716,99.006,0.1884,0.5277,2,0,1,0,0,0,0,0
214,24.0,0.0,100.0,15.2904,99.047,0.05,0.056,1,0,1,0,0,0,0,0
215,24.0,0.0,100.0,17.6273,98.342,0.2799,0.2227,0,0,1,0,0,0,0,0
216,23.935,0.065,99.73,15.1177,98.872,0.05,0.5228,0,0,1,0,0,0,0,0
217,23.83,0.17,99.29,16.9646,98.926,0.0744,0.3605,0,0,1,0,0,0,0,0
218,24.0,0.0,100.0,17.4979,98.048,0.1431,0.1431,0,0,1,0,0,0,0,0
219,23.673,0.327,98.636,17.9708,98.841,0.05,0.1244,0,0,1,0,0,0,0,0
220,23.876,0.124,99.485,19.0933,100.0,0.1705,0.2416,1,0,1,0,0,0,0,0
221,24.0,0.0,100.0,20.4543,100.0,0.2422,0.2575,0,0,1,0,0,0,0,0
222,24.0,0.0,100.0,22.0971,98.136,0.3089,0.05,0,0,1,0,0,0,0,0
223,23.855,0.145,99.394,18.1822,99.67,0.1354,0.597,0,0,1,0,0,0,0,0
224,24.0,0.0,100.0,22.0966,98.839,0.0936,0.4175,0,0,1,0,0,0,0,0
225,23.896,0.104,99.566,21.3845,99.369,0.1054,0.2273,1,0,1,0,0,0,0,0
226,24.0,0.0,100.0,14.7637,100.0,0.2362,0.286,0,0,1,0,0,0,0,0
227,23.963,0.037,99.847,20.3111,99.066,0.0617,0.2863,0,0,1,0,0,0,0,0
228,23.945,0.055,99.773,20.9615,99.424,0.3754,0.05,1,0,1,0,0,0,0,0
229,24.0,0.0,100.0,14.7193,97.905,0.2416,0.3789,0,0,1,0,0,0,0,0
230,24.0,0.0,100.0,18.355,99.767,0.3351,0.1752,0,0,1,0,0,0,0,0
231,23.879,0.121,99.494,18.6754,100.0,0.05,0.1984,1,0,1,0,0,0,0,0
232,24.0,0.0,100.0,19.7147,99.585,0.0696,0.072,0,0,1,0,0,0,0,0
233,23.971,0.029,99.88,12.7936,97.613,0.0731,0.4143,0,0,1,0,0,0,0,0
234,23.847,0.153,99.364,11.5849,99.717,0.2936,0.152,0,0,1,0,0,0,0,0
235,23.872,0.128,99.468,21.8642,98.293,0.238,0.1555,1,0,1,0,0,0,0,0
236,23.939,0.061,99.747,17.1581,99.083,0.1337,0.3923,0,0,1,0,0,0,0,0
237,23.92,0.08,99.666,17.1398,98.787,0.1705,0.3746,0,0,1,0,0,0,0,0
238,24.0,0.0,100.0,13.363,97.727,0.1778,0.1909,1,0,1,0,0,0,0,0
239,23.76,0.24,99.002,12.1255,98.932,0.05,0.1728,0,0,1,0,0,0,0,0
240,23.658,0.342,98.574,18.5051,99.916,0.0992,0.2994,0,0,1,0,0,0,0,0
241,23.919,0.081,99.665,13.3967,99.921,0.05,0.5631,0,0,1,0,0,0,0,0
242,23.868,0.132,99.448,11.6531,98.773,0.0828,0.1788,0,0,1,0,0,0,0,0
243,24.0,0.0,100.0,17.7623,97.467,0.05,0.175,0,0,1,0,0,0,0,0
244,23.87,0.13,99.458,17.4911,99.116,0.05,0.2639,0,0,1,0,0,0,0,0
245,23.925,0.075,99.688,17.8139,98.481,0.05,0.0646,0,0,1,0,0,0,0,0
246,23.897,0.103,99.57,19.3207,97.794,0.3134,0.2835,1,0,1,0,0,0,0,0
247,24.0,0.0,100.0,20.326,100.0,0.05,0.4593,0,0,1,0,0,0,0,0
248,23.9,0.1,99.583,19.0272,98.575,0.1252,0.5347,0,0,1,0,0,0,0,0
249,23.939,0.061,99.746,18.461,100.0,0.05,0.3642,2,0,1,0,0,0,0,0
250,23.921,0.079,99.672,20.3993,100.0,0.0938,0.4087,0,0,1,0,0,0,0,0
251,23.8,0.2,99.166,20.6928,98.287,0.05,0.3439,1,0,1,0,0,0,0,0
252,24.0,0.0,100.0,15.1501,99.252,0.1576,0.2545,0,0,1,0,0,0,0,0
253,23.956,0.044,99.816,17.1282,98.972,0.3932,0.05,0,0,1,0,0,0,0,0
254,24.0,0.0,100.0,21.2633,98.195,0.0751,0.05,0,0,1,0,0,0,0,0
255,23.784,0.216,99.1,14.1636,98.324,0.05,0.1111,1,0,1,0,0,0,0,0
256,23.847,0.153,99.361,22.2909,97.809,0.0591,0.3459,0,0,1,0,0,0,0,0
257,24.0,0.0,100.0,22.1612,100.0,0.3255,0.05,0,0,1,0,0,0,0,0
258,21.828,2.172,90.951,20.1796,94.535,0.1219,0.1931,1,1,1,0,0,0,0,0
259,23.976,0.024,99.9,16.1385,98.247,0.1045,0.05,1,0,1,0,0,0,0,0
260,24.0,0.0,100.0,19.5013,98.173,0.2215,0.1515,0,0,1,0,0,0,0,0
261,23.895,0.105,99.561,13.316,98.584,0.4915,0.2017,1,0,1,0,0,0,0,0
262,23.889,0.111,99.537,14.0099,100.0,0.3952,0.4253,1,0,1,0,0,0,0,0
263,24.0,0.0,100.0,13.913,98.443,0.1361,0.3344,0,0,1,0,0,0,0,0
264,23.944,0.056,99.769,18.7248,98.382,0.1148,0.05,0,0,1,0,0,0,0,0
265,24.0,0.0,100.0,11.0175,98.12,0.0824,0.316,0,0,1,0,0,0,0,0
266,24.0,0.0,100.0,22.9473,100.0,0.3645,0.451,0,0,1,0,0,0,0,0
267,23.742,0.258,98.923,22.5888,98.347,0.05,0.1283,0,0,1,0,0,0,0,0
268,23.933,0.067,99.72,22.0812,98.815,0.1867,0.1327,1,0,1,0,0,0,0,0
269,24.0,0.0,100.0,17.1628,99.34,0.2182,0.3102,0,0,1,0,0,0,0,0
270,24.0,0.0,100.0,18.3677,100.0,0.1356,0.6587,1,0,1,0,0,0,0,0
271,23.897,0.103,99.572,14.6902,98.449,0.2537,0.05,1,0,1,0,0,0,0,0
272,23.95,0.05,99.79,16.1675,98.377,0.05,0.1467,1,0,1,0,0,0,0,0
273,23.982,0.018,99.926,20.5802,99.386,0.05,0.3179,1,0,1,0,0,0,0,0
274,23.967,0.033,99.864,13.894,99.594,0.3856,0.0996,2,0,1,0,0,0,0,0
275,24.0,0.0,100.0,21.0873,98.564,0.0806,0.2018,0,0,1,0,0,0,0,0
276,24.0,0.0,100.0,22.566,98.948,0.0781,0.3512,0,0,1,0,0,0,0,0
277,23.838,0.162,99.324,23.3195,98.216,0.2196,0.2422,0,0,1,0,0,0,0,0
278,23.811,0.189,99.212,18.6171,98.534,0.1046,0.1549,0,0,1,0,0,0,0,0
279,24.0,0.0,100.0,20.2325,99.949,0.116,0.5454,0,0,1,0,0,0,0,0
280,23.825,0.175,99.27,16.8718,98.72,0.4102,0.5709,0,0,1,0,0,0,0,0
281,24.0,0.0,100.0,18.0208,98.435,0.1686,0.2429,0,0,1,0,0,0,0,0
282,23.953,0.047,99.802,19.5271,100.0,0.05,0.3387,1,0,1,0,0,0,0,0
283,24.0,0.0,100.0,18.7944,98.469,0.2115,0.05,0,0,1,0,0,0,0,0
284,23.917,0.083,99.655,15.737,99.51,0.2747,0.4866,0,0,1,0,0,0,0,0
285,23.93,0.07,99.707,16.5243,98.206,0.2218,0.05,1,0,1,0,0,0,0,0
286,24.0,0.0,100.0,23.2812,97.734,0.2527,0.3933,0,0,1,0,0,0,0,0
287,23.935,0.065,99.729,14.1819,97.584,0.2346,0.6288,0,0,1,0,0,0,0,0
288,23.748,0.252,98.951,18.0865,98.329,0.1213,0.1524,1,0,1,0,0,0,0,0
289,23.908,0.092,99.618,18.2158,99.607,0.1585,0.1157,0,0,1,0,0,0,0,0
290,23.976,0.024,99.899,17.5278,99.153,0.0925,0.4376,0,0,1,0,0,0,0,0
291,24.0,0.0,100.0,16.6492,98.443,0.373,0.3751,0,0,1,0,0,0,0,0
292,24.0,0.0,100.0,20.4061,98.875,0.3099,0.6944,0,0,1,0,0,0,0,0
293,23.828,0.172,99.284,20.3237,99.22,0.1789,0.328,0,0,1,0,0,0,0,0
294,23.784,0.216,99.099,24.246,98.16,0.2381,0.3714,0,0,1,0,0,0,0,0
295,24.0,0.0,100.0,20.2725,99.4,0.338,0.2546,0,0,1,0,0,0,0,0
296,23.79,0.21,99.125,20.0299,99.69,0.1617,0.2164,0,0,1,0,0,0,0,0
297,23.757,0.243,98.988,19.7818,100.0,0.3681,0.05,0,0,1,0,0,0,0,0
298,23.915,0.085,99.647,20.5236,98.536,0.2698,0.4969,1,0,1,0,0,0,0,0
299,24.0,0.0,100.0,17.9495,99.522,0.3438,0.215,1,0,1,0,0,0,0,0
300,23.585,0.415,98.271,14.413,99.696,0.05,0.3343,0,0,1,0,0,0,0,0
301,23.811,0.189,99.213,17.7599,100.0,0.2241,0.1202,1,0,1,0,0,0,0,0
302,23.693,0.307,98.721,21.7966,99.065,0.1645,0.3283,1,0,1,0,0,0,0,0
303,23.68,0.32,98.665,16.1032,98.59,0.2848,0.3739,1,0,1,0,0,0,0,0
304,23.921,0.079,99.673,17.6414,97.309,0.3633,0.3536,0,0,1,0,0,0,0,0
305,23.81,0.19,99.206,15.3686,98.278,0.3017,0.7433,0,0,1,0,0,0,0,0
306,23.701,0.299,98.755,14.8504,98.231,0.1756,0.066,0,0,1,0,0,0,0,0
307,23.624,0.376,98.432,15.3034,97.174,0.4568,0.6828,0,0,1,0,0,0,0,0
308,23.78,0.22,99.082,17.3868,98.314,0.4082,0.5226,0,0,1,0,0,0,0,0
309,23.659,0.341,98.579,18.6864,98.795,0.4316,0.5147,0,0,1,0,0,0,0,0
310,23.693,0.307,98.719,16.1558,98.485,0.431,0.2582,1,0,1,0,0,0,0,0
311,23.845,0.155,99.354,18.8484,97.327,0.2575,0.471,2,0,1,0,0,0,0,0
35,23.79,0.21,99.123,464.7059,97.396,0.0524,0.1026,0,0,0,0,0,0,1,0
36,23.898,0.102,99.575,481.5079,99.767,0.2052,0.2381,0,0,0,0,0,0,1,0
37,24.0,0.0,100.0,592.9761,98.635,0.2113,0.05,0,0,0,0,0,0,1,0
38,23.919,0.081,99.664,682.8119,97.858,0.3053,0.05,0,0,0,0,0,0,1,0
39,24.0,0.0,100.0,754.2637,98.31,0.2387,0.2556,2,0,0,0,0,0,1,0
40,24.0,0.0,100.0,791.1443,98.81,0.05,0.3494,0,0,0,0,0,0,1,0
41,23.824,0.176,99.268,864.1015,97.275,0.05,0.0527,0,0,0,0,0,0,1,0
42,23.927,0.073,99.696,902.0714,98.7,0.05,0.0834,0,0,0,0,0,0,1,0
43,24.0,0.0,100.0,975.8846,99.04,0.2909,0.1296,1,0,0,0,0,0,1,0
44,23.863,0.137,99.428,1000.0,99.594,0.3143,0.217,0,0,0,0,0,0,1,0
45,23.948,0.052,99.782,1000.0,100.0,0.05,0.1809,0,0,0,0,0,0,1,0
46,23.981,0.019,99.919,1000.0,98.263,0.05,0.4234,0,0,0,0,0,0,1,0
47,24.0,0.0,100.0,1000.0,100.0,0.05,0.3434,0,0,0,0,0,0,1,0
48,23.785,0.215,99.102,1000.0,97.974,0.2374,0.2816,0,0,0,0,0,0,1,0
49,23.953,0.047,99.803,1000.0,100.0,0.1813,0.2463,1,0,0,0,0,0,1,0
50,23.843,0.157,99.347,993.3703,99.704,0.1446,0.1611,0,0,0,0,0,0,1,0
51,23.923,0.077,99.68,1000.0,99.152,0.1812,0.575,0,0,0,0,0,0,1,0
52,23.885,0.115,99.521,992.9806,98.475,0.5425,0.3603,1,0,0,0,0,0,1,0
53,23.885,0.115,99.523,1000.0,97.93,0.1141,0.16,0,0,0,0,0,0,1,0
54,24.0,0.0,100.0,983.3712,99.805,0.233,0.4555,0,0,0,0,0,0,1,0
55,23.938,0.062,99.742,1000.0,99.363,0.1013,0.1984,2,0,0,0,0,0,1,0
56,23.904,0.096,99.602,993.3573,99.773,0.1038,0.5665,1,0,0,0,0,0,1,0
57,23.857,0.143,99.404,1000.0,97.72,0.2764,0.2794,0,0,0,0,0,0,1,0
58,23.953,0.047,99.804,1000.0,97.907,0.3587,0.2604,0,0,0,0,0,0,1,0
59,23.851,0.149,99.379,1000.0,98.606,0.2427,0.05,0,0,0,0,0,0,1,0
60,24.0,0.0,100.0,992.0686,99.567,0.1693,0.2474,0,0,0,0,0,0,1,0
61,24.0,0.0,100.0,1000.0,98.872,0.1236,0.5565,0,0,0,0,0,0,1,0
62,24.0,0.0,100.0,982.461,98.721,0.05,0.2248,0,0,0,0,0,0,1,0
63,23.848,0.152,99.367,987.4667,99.515,0.2487,0.1765,0,0,0,0,0,0,1,0
64,23.899,0.101,99.581,1000.0,98.17,0.05,0.1733,0,0,0,0,0,0,1,0
65,24.0,0.0,100.0,1000.0,99.302,0.2255,0.4075,1,0,0,0,0,0,1,0
66,23.96,0.04,99.831,1000.0,99.331,0.2554,0.308,0,0,0,0,0,0,1,0
67,23.863,0.137,99.431,997.2205,99.887,0.05,0.2544,0,0,0,0,0,0,1,0
68,23.995,0.005,99.981,1000.0,99.671,0.05,0.4115,0,0,0,0,0,0,1,0
69,23.638,0.362,98.491,1000.0,97.129,0.2032,0.3024,1,0,0,0,0,0,1,0
70,23.887,0.113,99.531,1000.0,97.882,0.05,0.259,1,0,0,0,0,0,1,0
71,23.961,0.039,99.839,999.0818,97.937,0.3122,0.05,0,0,0,0,0,0,1,0
72,23.875,0.125,99.479,980.8991,98.852,0.2277,0.05,0,0,0,0,0,0,1,0
73,24.0,0.0,100.0,1000.0,99.47,0.05,0.1371,1,0,0,0,0,0,1,0
74,23.778,0.222,99.076,984.9632,99.055,0.0651,0.3023,1,0,0,0,0,0,1,0
75,24.0,0.0,100.0,989.9423,99.493,0.0575,0.1916,0,0,0,0,0,0,1,0
76,23.858,0.142,99.407,994.7551,99.392,0.4055,0.3597,0,0,0,0,0,0,1,0
77,23.975,0.025,99.895,1000.0,100.0,0.1854,0.1169,0,0,0,0,0,0,1,0
78,23.843,0.157,99.348,997.4671,97.85,0.2131,0.05,0,0,0,0,0,0,1,0
79,23.891,0.109,99.547,987.4525,98.829,0.05,0.3396,0,0,0,0,0,0,1,0
80,24.0,0.0,100.0,991.5585,100.0,0.2605,0.6747,1,0,0,0,0,0,1,0
81,23.996,0.004,99.981,1000.0,100.0,0.3067,0.234,0,0,0,0,0,0,1,0
82,23.928,0.072,99.699,978.6277,99.141,0.2651,0.3038,0,0,0,0,0,0,1,0
83,24.0,0.0,100.0,995.8275,99.106,0.2949,0.2972,0,0,0,0,0,0,1,0
84,23.859,0.141,99.413,1000.0,99.506,0.0811,0.1307,0,0,0,0,0,0,1,0
85,23.768,0.232,99.034,1000.0,98.315,0.1453,0.3462,0,0,0,0,0,0,1,0
86,23.96,0.04,99.835,1000.0,97.053,0.1685,0.05,1,0,0,0,0,0,1,0
87,23.902,0.098,99.59,995.321,98.66,0.3181,0.2047,0,0,0,0,0,0,1,0
88,24.0,0.0,100.0,990.5923,97.593,0.2867,0.2338,0,0,0,0,0,0,1,0
89,23.763,0.237,99.012,1000.0,97.994,0.0867,0.05,0,0,0,0,0,0,1,0
90,23.664,0.336,98.599,994.752,100.0,0.3877,0.4898,1,0,0,0,0,0,1,0
91,23.901,0.099,99.589,1000.0,99.665,0.3724,0.1339,1,0,0,0,0,0,1,0
92,24.0,0.0,100.0,1000.0,99.575,0.108,0.3498,0,0,0,0,0,0,1,0
93,23.874,0.126,99.474,991.3611,98.438,0.3378,0.3537,0,0,0,0,0,0,1,0
94,23.839,0.161,99.331,1000.0,98.486,0.133,0.05,0,0,0,0,0,0,1,0
95,23.796,0.204,99.149,991.5404,98.598,0.05,0.1371,0,0,0,0,0,0,1,0
96,24.0,0.0,100.0,1000.0,100.0,0.05,0.2316,0,0,0,0,0,0,1,0
97,23.915,0.085,99.645,1000.0,97.941,0.05,0.1229,1,0,0,0,0,0,1,0
98,24.0,0.0,100.0,986.718,96.494,0.0872,0.0949,1,0,0,0,0,0,1,0
99,23.911,0.089,99.629,991.0969,98.92,0.1793,0.273,0,0,0,0,0,0,1,0
100,23.957,0.043,99.821,986.0238,99.057,0.3071,0.2936,0,0,0,0,0,0,1,0
101,23.913,0.087,99.638,997.5943,98.392,0.1495,0.1533,0,0,0,0,0,0,1,0
102,24.0,0.0,100.0,1000.0,100.0,0.05,0.2193,1,0,0,0,0,0,1,0
103,24.0,0.0,100.0,993.9669,98.678,0.2381,0.3947,0,0,0,0,0,0,1,0
104,24.0,0.0,100.0,1000.0,100.0,0.1519,0.2648,0,0,0,0,0,0,1,0
105,24.0,0.0,100.0,1000.0,98.672,0.1717,0.4553,0,0,0,0,0,0,1,0
106,23.916,0.084,99.65,1000.0,98.437,0.3816,0.3979,0,0,0,0,0,0,1,0
107,23.981,0.019,99.921,1000.0,98.662,0.225,0.208,0,0,0,0,0,0,1,0
108,23.826,0.174,99.274,1000.0,100.0,0.05,1.0244,0,0,0,0,0,0,1,0
109,23.961,0.039,99.838,1000.0,98.514,0.0788,0.0761,0,0,0,0,0,0,1,0
110,24.0,0.0,100.0,1000.0,96.903,0.1941,0.3288,0,0,0,0,0,0,1,0
111,24.0,0.0,100.0,996.0192,99.562,0.05,0.1012,0,0,0,0,0,0,1,0
112,23.847,0.153,99.361,990.6945,99.56,0.1101,0.3936,0,0,0,0,0,0,1,0
113,24.0,0.0,100.0,991.9391,97.973,0.1419,0.2511,0,0,0,0,0,0,1,0
114,23.985,0.015,99.935,997.8117,97.969,0.05,0.4295,0,0,0,0,0,0,1,0
115,24.0,0.0,100.0,991.3745,100.0,0.05,0.05,0,0,0,0,0,0,1,0
116,24.0,0.0,100.0,1000.0,100.0,0.05,0.1073,0,0,0,0,0,0,1,0
117,23.932,0.068,99.717,996.6618,98.716,0.4271,0.4676,0,0,0,0,0,0,1,0
118,23.744,0.256,98.932,1000.0,99.74,0.3566,0.6055,0,0,0,0,0,0,1,0
119,23.869,0.131,99.453,997.0726,99.806,0.2207,0.4284,0,0,0,0,0,0,1,0
120,24.0,0.0,100.0,1000.0,98.947,0.2451,0.3144,0,0,0,0,0,0,1,0
121,23.919,0.081,99.664,1000.0,99.421,0.05,0.0947,0,0,0,0,0,0,1,0
122,23.782,0.218,99.09,995.2836,99.011,0.2556,0.1094,0,0,0,0,0,0,1,0
123,23.949,0.051,99.786,1000.0,98.391,0.0731,0.2418,1,0,0,0,0,0,1,0
124,23.996,0.004,99.983,1000.0,99.865,0.05,0.4371,0,0,0,0,0,0,1,0
125,23.75,0.25,98.958,1000.0,98.978,0.1394,0.1676,0,0,0,0,0,0,1,0
126,23.876,0.124,99.485,1000.0,98.753,0.1455,0.1618,0,0,0,0,0,0,1,0
127,23.963,0.037,99.845,995.8802,99.079,0.05,0.1951,0,0,0,0,0,0,1,0
128,23.915,0.085,99.646,999.4989,98.432,0.322,0.05,0,0,0,0,0,0,1,0
129,23.92,0.08,99.667,1000.0,98.246,0.3207,0.2455,0,0,0,0,0,0,1,0
130,23.938,0.062,99.742,998.1346,98.838,0.05,0.2268,1,0,0,0,0,0,1,0
131,23.965,0.035,99.854,1000.0,99.747,0.0701,0.4251,0,0,0,0,0,0,1,0
132,24.0,0.0,100.0,1000.0,99.589,0.1952,0.6608,0,0,0,0,0,0,1,0
133,23.957,0.043,99.82,994.9228,100.0,0.05,0.2612,0,0,0,0,0,0,1,0
134,23.838,0.162,99.324,997.6128,100.0,0.3531,0.1308,1,0,0,0,0,0,1,0
135,23.738,0.262,98.909,988.6904,100.0,0.202,0.3464,0,0,0,0,0,0,1,0
136,23.848,0.152,99.369,989.8745,100.0,0.1282,0.0664,0,0,0,0,0,0,1,0
137,23.963,0.037,99.844,962.0409,98.755,0.4783,0.5234,0,0,0,0,0,0,1,0
138,23.912,0.088,99.635,1000.0,99.034,0.2525,0.3464,0,0,0,0,0,0,1,0
139,23.949,0.051,99.787,1000.0,99.303,0.05,0.3202,0,0,0,0,0,0,1,0
140,23.877,0.123,99.489,1000.0,97.979,0.1113,0.239,0,0,0,0,0,0,1,0
141,24.0,0.0,100.0,997.9425,99.188,0.1505,0.2779,0,0,0,0,0,0,1,0
142,23.911,0.089,99.628,984.5101,98.663,0.05,0.214,0,0,0,0,0,0,1,0
143,23.972,0.028,99.883,994.7064,100.0,0.2493,0.05,1,0,0,0,0,0,1,0
144,24.0,0.0,100.0,1000.0,99.92,0.2874,0.4235,1,0,0,0,0,0,1,0
145,24.0,0.0,100.0,983.3893,97.946,0.2504,0.3423,0,0,0,0,0,0,1,0
146,24.0,0.0,100.0,991.9105,99.426,0.05,0.05,0,0,0,0,0,0,1,0
147,23.782,0.218,99.092,1000.0,96.86,0.2522,0.3983,1,0,0,0,0,0,1,0
148,24.0,0.0,100.0,979.2591,98.894,0.3757,0.4449,0,0,0,0,0,0,1,0
149,23.991,0.009,99.962,994.4255,98.443,0.1352,0.0844,0,0,0,0,0,0,1,0
150,23.973,0.027,99.887,1000.0,100.0,0.05,0.0501,0,0,0,0,0,0,1,0
151,24.0,0.0,100.0,1000.0,96.832,0.2928,0.4693,0,0,0,0,0,0,1,0
152,24.0,0.0,100.0,996.6022,99.525,0.2173,0.3416,1,0,0,0,0,0,1,0
153,24.0,0.0,100.0,1000.0,99.545,0.2494,0.05,0,0,0,0,0,0,1,0
154,23.756,0.244,98.985,997.5622,99.314,0.3252,0.3685,1,0,0,0,0,0,1,0
155,24.0,0.0,100.0,980.2683,97.898,0.05,0.4427,1,0,0,0,0,0,1,0
156,24.0,0.0,100.0,1000.0,99.699,0.1231,0.1103,0,0,0,0,0,0,1,0
157,23.878,0.122,99.492,982.9917,100.0,0.0821,0.0824,0,0,0,0,0,0,1,0
158,23.692,0.308,98.718,1000.0,98.717,0.2052,0.4171,0,0,0,0,0,0,1,0
159,23.862,0.138,99.427,966.6812,98.157,0.1283,0.2179,0,0,0,0,0,0,1,0
160,23.991,0.009,99.961,1000.0,98.495,0.0793,0.4078,1,0,0,0,0,0,1,0
161,22.049,1.951,91.872,1000.0,96.571,0.2145,0.0796,1,1,0,0,0,0,1,0
162,23.944,0.056,99.767,981.7373,99.238,0.05,0.7323,0,0,0,0,0,0,1,0
163,23.982,0.018,99.927,1000.0,99.823,0.5377,0.05,1,0,0,0,0,0,1,0
164,24.0,0.0,100.0,1000.0,100.0,0.1249,0.278,1,0,0,0,0,0,1,0
165,23.912,0.088,99.634,1000.0,100.0,0.117,0.158,0,0,0,0,0,0,1,0
166,23.912,0.088,99.632,1000.0,99.286,0.05,0.4132,0,0,0,0,0,0,1,0
167,23.973,0.027,99.886,1000.0,99.334,0.1346,0.3597,0,0,0,0,0,0,1,0
168,23.907,0.093,99.612,980.1107,98.968,0.05,0.4557,0,0,0,0,0,0,1,0
169,24.0,0.0,100.0,973.1267,100.0,0.1364,0.3919,0,0,0,0,0,0,1,0
170,23.758,0.242,98.99,987.8387,98.336,0.05,0.05,0,0,0,0,0,0,1,0
171,23.969,0.031,99.872,979.9722,99.548,0.1373,0.1629,0,0,0,0,0,0,1,0
172,24.0,0.0,100.0,983.5977,98.223,0.1987,0.2264,0,0,0,0,0,0,1,0
173,23.888,0.112,99.532,1000.0,97.862,0.2514,0.5149,0,0,0,0,0,0,1,0
174,24.0,0.0,100.0,1000.0,99.244,0.1867,0.2156,0,0,0,0,0,0,1,0
175,24.0,0.0,100.0,994.0656,98.975,0.2211,0.3292,0,0,0,0,0,0,1,0
176,23.881,0.119,99.506,1000.0,98.947,0.1967,0.4795,1,0,0,0,0,0,1,0
177,23.913,0.087,99.637,988.8931,99.964,0.1891,0.2841,0,0,0,0,0,0,1,0
178,24.0,0.0,100.0,1000.0,98.217,0.0855,0.3205,0,0,0,0,0,0,1,0
179,23.956,0.044,99.815,997.0469,99.422,0.389,0.5139,0,0,0,0,0,0,1,0
180,24.0,0.0,100.0,1000.0,97.724,0.05,0.3249,1,0,0,0,0,0,1,0
181,23.816,0.184,99.235,990.9212,98.33,0.0827,0.219,0,0,0,0,0,0,1,0
182,23.856,0.144,99.399,1000.0,98.59,0.2377,0.4953,0,0,0,0,0,0,1,0
183,23.927,0.073,99.694,1000.0,99.732,0.2122,0.3493,0,0,0,0,0,0,1,0
184,23.99,0.01,99.958,1000.0,98.771,0.0948,0.3908,0,0,0,0,0,0,1,0
185,23.731,0.269,98.879,996.4908,99.135,0.1997,0.3287,0,0,0,0,0,0,1,0
186,24.0,0.0,100.0,993.1169,98.904,0.05,0.2691,0,0,0,0,0,0,1,0
187,24.0,0.0,100.0,1000.0,97.852,0.2793,0.1715,0,0,0,0,0,0,1,0
188,23.813,0.187,99.22,970.8823,98.464,0.05,0.369,1,0,0,0,0,0,1,0
189,23.91,0.09,99.626,998.8684,98.449,0.3845,0.2113,0,0,0,0,0,0,1,0
190,23.952,0.048,99.802,1000.0,99.243,0.4461,0.1444,0,0,0,0,0,0,1,0
191,23.806,0.194,99.19,1000.0,97.621,0.4304,0.4211,0,0,0,0,0,0,1,0
192,23.922,0.078,99.676,997.8755,98.491,0.14,0.2457,0,0,0,0,0,0,1,0
193,23.975,0.025,99.895,980.3826,99.573,0.1629,0.3548,0,0,0,0,0,0,1,0
194,23.786,0.214,99.109,996.952,99.882,0.05,0.2281,0,0,0,0,0,0,1,0
195,24.0,0.0,100.0,994.0333,97.966,0.2957,0.05,1,0,0,0,0,0,1,0
196,23.861,0.139,99.422,990.1715,100.0,0.0537,0.05,0,0,0,0,0,0,1,0
197,23.813,0.187,99.22,1000.0,97.796,0.05,0.3275,0,0,0,0,0,0,1,0
198,23.953,0.047,99.803,1000.0,98.836,0.3029,0.05,0,0,0,0,0,0,1,0
199,23.836,0.164,99.318,999.271,99.234,0.0514,0.05,0,0,0,0,0,0,1,0
200,24.0,0.0,100.0,1000.0,98.118,0.2992,0.1197,1,0,0,0,0,0,1,0
201,23.911,0.089,99.629,1000.0,99.873,0.05,0.1619,0,0,0,0,0,0,1,0
202,23.863,0.137,99.428,992.343,98.832,0.2047,0.4468,0,0,0,0,0,0,1,0
203,23.998,0.002,99.99,1000.0,97.402,0.3286,0.1499,0,0,0,0,0,0,1,0
204,24.0,0.0,100.0,987.1664,98.414,0.1165,0.3009,0,0,0,0,0,0,1,0
205,24.0,0.0,100.0,1000.0,99.913,0.05,0.2888,0,0,0,0,0,0,1,0
206,24.0,0.0,100.0,1000.0,99.681,0.2204,0.1613,1,0,0,0,0,0,1,0
207,23.973,0.027,99.887,1000.0,98.513,0.2011,0.2185,0,0,0,0,0,0,1,0
208,24.0,0.0,100.0,979.5451,99.675,0.1236,0.2797,1,0,0,0,0,0,1,0
209,23.93,0.07,99.707,1000.0,99.321,0.3521,0.088,0,0,0,0,0,0,1,0
210,23.813,0.187,99.221,989.2998,100.0,0.05,0.3225,0,0,0,0,0,0,1,0
211,23.801,0.199,99.17,1000.0,99.27,0.1504,0.4804,0,0,0,0,0,0,1,0
212,23.836,0.164,99.315,981.0286,99.096,0.0581,0.0748,0,0,0,0,0,0,1,0
213,23.975,0.025,99.896,986.201,98.818,0.2203,0.1293,1,0,0,0,0,0,1,0
214,23.984,0.016,99.934,1000.0,98.997,0.05,0.3816,1,0,0,0,0,0,1,0
215,24.0,0.0,100.0,987.0283,99.728,0.3675,0.3689,1,0,0,0,0,0,1,0
216,23.887,0.113,99.531,1000.0,99.583,0.05,0.05,0,0,0,0,0,0,1,0
217,23.859,0.141,99.412,988.6098,98.491,0.1217,0.2246,0,0,0,0,0,0,1,0
218,23.915,0.085,99.645,973.7847,99.207,0.17,0.3643,0,0,0,0,0,0,1,0
219,23.907,0.093,99.614,1000.0,98.624,0.2197,0.4722,2,0,0,0,0,0,1,0
220,24.0,0.0,100.0,1000.0,98.37,0.0889,0.4215,0,0,0,0,0,0,1,0
221,23.822,0.178,99.259,986.14,98.455,0.1957,0.0931,0,0,0,0,0,0,1,0
222,23.966,0.034,99.857,993.826,99.757,0.5113,0.6107,0,0,0,0,0,0,1,0
223,23.797,0.203,99.155,990.1401,98.331,0.2166,0.1543,0,0,0,0,0,0,1,0
224,23.884,0.116,99.518,990.2289,98.271,0.3955,0.3738,0,0,0,0,0,0,1,0
225,24.0,0.0,100.0,1000.0,100.0,0.1534,0.4228,0,0,0,0,0,0,1,0
226,23.933,0.067,99.723,1000.0,100.0,0.05,0.5468,0,0,0,0,0,0,1,0
227,23.964,0.036,99.851,1000.0,96.755,0.05,0.2466,1,0,0,0,0,0,1,0
228,24.0,0.0,100.0,992.7191,98.471,0.2022,0.0678,1,0,0,0,0,0,1,0
229,23.811,0.189,99.211,1000.0,98.564,0.0608,0.05,0,0,0,0,0,0,1,0
230,23.866,0.134,99.443,992.0952,98.298,0.2162,0.2514,0,0,0,0,0,0,1,0
231,23.804,0.196,99.183,1000.0,99.915,0.1247,0.4864,0,0,0,0,0,0,1,0
232,24.0,0.0,100.0,996.059,99.121,0.05,0.3328,0,0,0,0,0,0,1,0
233,23.967,0.033,99.862,1000.0,98.791,0.1406,0.0761,0,0,0,0,0,0,1,0
234,23.916,0.084,99.649,1000.0,99.569,0.2879,0.1363,0,0,0,0,0,0,1,0
235,23.876,0.124,99.483,982.7218,98.619,0.05,0.4255,0,0,0,0,0,0,1,0
236,23.98,0.02,99.918,991.4787,98.722,0.1973,0.05,0,0,0,0,0,0,1,0
237,23.87,0.13,99.458,1000.0,99.16,0.2565,0.05,0,0,0,0,0,0,1,0
238,23.905,0.095,99.605,981.6351,98.168,0.0826,0.2257,0,0,0,0,0,0,1,0
239,24.0,0.0,100.0,992.1275,97.633,0.1868,0.345,0,0,0,0,0,0,1,0
240,24.0,0.0,100.0,1000.0,97.725,0.1407,0.411,0,0,0,0,0,0,1,0
241,23.898,0.102,99.574,1000.0,99.272,0.2487,0.3873,1,0,0,0,0,0,1,0
242,24.0,0.0,100.0,991.3788,100.0,0.0965,0.1971,0,0,0,0,0,0,1,0
243,24.0,0.0,100.0,994.2982,97.097,0.148,0.5156,0,0,0,0,0,0,1,0
244,23.954,0.046,99.808,997.0341,99.511,0.1279,0.2736,1,0,0,0,0,0,1,0
245,23.965,0.035,99.854,1000.0,98.218,0.2236,0.1304,0,0,0,0,0,0,1,0
246,23.964,0.036,99.85,983.806,99.05,0.1911,0.4962,0,0,0,0,0,0,1,0
247,24.0,0.0,100.0,997.0747,99.66,0.3626,0.3829,1,0,0,0,0,0,1,0
248,23.904,0.096,99.598,1000.0,98.745,0.6778,0.2912,1,0,0,0,0,0,1,0
249,23.936,0.064,99.734,1000.0,97.811,0.1242,0.1894,0,0,0,0,0,0,1,0
250,23.797,0.203,99.155,989.6944,99.446,0.2764,0.2642,0,0,0,0,0,0,1,0
251,23.978,0.022,99.91,995.7106,98.278,0.2712,0.05,1,0,0,0,0,0,1,0
252,23.821,0.179,99.253,1000.0,96.524,0.2132,0.3629,1,0,0,0,0,0,1,0
253,23.834,0.166,99.309,1000.0,99.108,0.0561,0.3356,0,0,0,0,0,0,1,0
254,23.857,0.143,99.404,989.7863,98.516,0.2403,0.4385,1,0,0,0,0,0,1,0
255,24.0,0.0,100.0,988.3631,99.397,0.0821,0.1569,0,0,0,0,0,0,1,0
256,24.0,0.0,100.0,990.8314,100.0,0.05,0.4066,0,0,0,0,0,0,1,0
257,24.0,0.0,100.0,980.1921,98.979,0.3245,0.4189,0,0,0,0,0,0,1,0
258,23.874,0.126,99.477,1000.0,99.508,0.1011,0.2246,0,0,0,0,0,0,1,0
259,23.97,0.03,99.873,992.9195,100.0,0.5034,0.426,0,0,0,0,0,0,1,0
260,23.865,0.135,99.437,994.9171,99.203,0.3065,0.1407,0,0,0,0,0,0,1,0
261,23.883,0.117,99.51,984.5961,98.44,0.3632,0.0871,0,0,0,0,0,0,1,0
262,23.987,0.013,99.944,1000.0,100.0,0.0547,0.464,0,0,0,0,0,0,1,0
263,23.778,0.222,99.074,984.3632,98.729,0.051,0.2672,0,0,0,0,0,0,1,0
264,23.752,0.248,98.967,1000.0,98.781,0.3414,0.147,0,0,0,0,0,0,1,0
265,23.902,0.098,99.593,1000.0,99.398,0.0733,0.4007,1,0,0,0,0,0,1,0
266,24.0,0.0,100.0,1000.0,98.901,0.3612,0.1867,1,0,0,0,0,0,1,0
267,23.788,0.212,99.116,989.6643,98.055,0.05,0.2174,1,0,0,0,0,0,1,0
268,23.953,0.047,99.805,999.742,97.076,0.2691,0.3763,1,0,0,0,0,0,1,0
269,23.91,0.09,99.627,1000.0,98.059,0.3247,0.4246,1,0,0,0,0,0,1,0
270,23.821,0.179,99.253,1000.0,99.309,0.3846,0.232,0,0,0,0,0,0,1,0
271,23.758,0.242,98.993,999.6766,98.33,0.23,0.4463,0,0,0,0,0,0,1,0
272,23.871,0.129,99.463,972.4856,99.179,0.3023,0.382,0,0,0,0,0,0,1,0
273,23.904,0.096,99.601,1000.0,97.648,0.05,0.1555,0,0,0,0,0,0,1,0
274,23.833,0.167,99.303,1000.0,99.043,0.1456,0.2393,0,0,0,0,0,0,1,0
275,23.816,0.184,99.235,988.2032,98.073,0.2616,0.0982,1,0,0,0,0,0,1,0
276,23.782,0.218,99.091,1000.0,98.389,0.1815,0.1479,0,0,0,0,0,0,1,0
277,23.757,0.243,98.988,1000.0,98.135,0.1365,0.4717,0,0,0,0,0,0,1,0
278,23.706,0.294,98.776,974.4571,98.42,0.3011,0.2485,0,0,0,0,0,0,1,0
279,24.0,0.0,100.0,1000.0,99.421,0.4935,0.2919,1,0,0,0,0,0,1,0
280,23.845,0.155,99.355,1000.0,97.611,0.0768,0.3549,0,0,0,0,0,0,1,0
281,23.868,0.132,99.452,998.8346,98.088,0.5782,0.383,0,0,0,0,0,0,1,0
282,23.85,0.15,99.376,1000.0,98.512,0.0554,0.2829,1,0,0,0,0,0,1,0
283,23.751,0.249,98.961,1000.0,99.047,0.3066,0.4931,1,0,0,0,0,0,1,0
284,23.87,0.13,99.459,993.7894,98.622,0.5067,0.4076,0,0,0,0,0,0,1,0
285,23.896,0.104,99.567,983.9839,97.211,0.3052,0.421,1,0,0,0,0,0,1,0
286,23.689,0.311,98.702,992.1366,97.271,0.3649,0.3124,1,0,0,0,0,0,1,0
287,21.728,2.272,90.535,992.1281,95.041,0.4296,0.53,2,1,0,0,0,0,1,0
288,23.739,0.261,98.913,1000.0,98.773,0.4361,0.4224,0,0,0,0,0,0,1,0
289,23.805,0.195,99.187,1000.0,98.151,0.5185,0.3297,0,0,0,0,0,0,1,0
290,23.724,0.276,98.848,1000.0,97.728,0.5402,0.8662,1,0,0,0,0,0,1,0
291,23.663,0.337,98.594,1000.0,98.106,0.3849,0.4909,0,0,0,0,0,0,1,0
292,23.702,0.298,98.757,1000.0,97.576,0.2195,0.3287,1,0,0,0,0,0,1,0
293,23.718,0.282,98.824,1000.0,99.022,0.5536,0.6473,1,0,0,0,0,0,1,0
294,23.905,0.095,99.606,1000.0,97.189,0.3026,0.7289,0,0,0,0,0,0,1,0
295,23.576,0.424,98.231,1000.0,96.171,0.1947,0.5099,0,0,0,0,0,0,1,0
296,23.698,0.302,98.741,1000.0,96.389,0.5816,0.4965,1,0,0,0,0,0,1,0
297,23.777,0.223,99.07,992.8512,98.884,0.2966,0.2363,0,0,0,0,0,0,1,0
298,23.47,0.53,97.79,986.1084,96.674,0.5786,0.6226,1,0,0,0,0,0,1,0
299,23.438,0.562,97.659,974.9446,98.076,0.5831,0.2978,0,0,0,0,0,0,1,0
300,23.696,0.304,98.733,1000.0,97.003,0.3982,0.0756,0,0,0,0,0,0,1,0
301,23.636,0.364,98.482,1000.0,97.787,0.3906,1.0517,2,0,0,0,0,0,1,0
302,23.485,0.515,97.854,1000.0,95.916,0.4577,0.4164,0,0,0,0,0,0,1,0
303,23.788,0.212,99.116,1000.0,99.344,0.4702,0.5156,1,0,0,0,0,0,1,0
304,23.39,0.61,97.458,1000.0,97.574,0.4323,0.5011,0,0,0,0,0,0,1,0
305,23.46,0.54,97.748,998.6017,96.083,0.3425,0.5337,0,0,0,0,0,0,1,0
306,23.902,0.098,99.594,1000.0,97.235,0.6118,0.5563,0,0,0,0,0,0,1,0
307,23.498,0.502,97.91,1000.0,97.424,0.5149,0.9115,0,0,0,0,0,0,1,0
308,23.738,0.262,98.908,989.704,96.931,0.4983,0.5954,0,0,0,0,0,0,1,0
309,23.326,0.674,97.192,1000.0,95.809,0.8522,0.3911,1,0,0,0,0,0,1,0
310,23.496,0.504,97.9,973.4203,96.621,0.7869,0.7536,1,0,0,0,0,0,1,0
311,23.615,0.385,98.395,999.9744,97.298,0.4039,0.711,0,0,0,0,0,0,1,0
312,23.751,0.249,98.961,1000.0,98.359,0.7573,0.3354,0,0,0,0,0,0,1,0
313,23.619,0.381,98.412,1000.0,97.093,0.7788,0.5714,1,0,0,0,0,0,1,0
314,23.533,0.467,98.054,1000.0,97.944,0.5282,0.8673,0,0,0,0,0,0,1,0
315,23.447,0.553,97.697,1000.0,98.225,0.4732,0.5737,1,0,0,0,0,0,1,0
316,23.508,0.492,97.951,1000.0,97.207,0.4765,0.4281,0,0,0,0,0,0,1,0
317,23.665,0.335,98.605,1000.0,96.652,0.4739,0.9142,1,0,0,0,0,0,1,0
318,23.671,0.329,98.629,1000.0,97.408,0.5063,0.6721,1,0,0,0,0,0,1,0
319,23.676,0.324,98.651,995.2341,95.068,0.5088,0.5304,1,0,0,0,0,0,1,0
320,23.384,0.616,97.435,995.213,96.111,0.6636,0.5728,0,0,0,0,0,0,1,0
321,23.436,0.564,97.648,995.216,95.634,0.38,0.3909,0,0,0,0,0,0,1,0
322,23.631,0.369,98.461,992.9978,98.4,0.6175,0.6661,1,0,0,0,0,0,1,0
323,23.577,0.423,98.238,993.2062,94.712,0.603,0.9808,2,0,0,0,0,0,1,0
324,23.587,0.413,98.28,996.6281,95.635,0.724,0.7946,1,0,0,0,0,0,1,0
325,23.721,0.279,98.838,1000.0,95.623,0.5899,0.6365,0,0,0,0,0,0,1,0
326,23.494,0.506,97.89,997.5697,95.359,0.59,0.5233,0,0,0,0,0,0,1,0
